part_id,hh_id,part_age_exact,part_gender,part_age_est_min,part_age_est_max
1,HH1,31,M,,
2,HH2,5,F,,
3,HH3,82,M,,
4,HH4,51,M,,
5,HH5,61,F,,
6,HH6,50,M,,
7,HH7,60,F,,
8,HH8,71,M,,
9,HH9,59,M,,
10,HH10,57,M,,
11,HH11,31,M,,
12,HH12,21,F,,
13,HH13,52,M,,
14,HH14,57,M,,
15,HH15,66,M,,
16,HH16,55,F,,
17,HH17,3,M,,
18,HH18,74,M,,
19,HH19,33,F,,
20,HH20,33,F,,
21,HH21,75,M,,
22,HH22,25,F,,
23,HH23,33,M,,
24,HH24,5,F,,
25,HH25,54,F,,
26,HH26,69,M,,
27,HH27,26,M,,
28,HH28,49,F,,
29,HH29,3,F,,
30,HH30,40,M,,
31,HH31,34,M,,
32,HH32,14,F,,
33,HH33,2,F,,
34,HH34,47,F,,
35,HH35,28,M,,
36,HH36,59,F,,
37,HH37,29,M,,
38,HH38,45,M,,
39,HH39,75,M,,
40,HH40,52,F,,
41,HH41,0,M,,
42,HH42,27,F,,
43,HH43,11,F,,
44,HH44,48,F,,
45,HH45,6,M,,
46,HH46,48,M,,
47,HH47,47,M,,
48,HH48,82,F,,
49,HH49,68,M,,
50,HH50,51,F,,
51,HH51,21,M,,
52,HH52,53,M,,
53,HH53,37,M,,
54,HH54,49,F,,
55,HH55,0,F,,
56,HH56,23,M,,
57,HH57,71,F,,
58,HH58,51,M,,
59,HH59,59,M,,
60,HH60,58,M,,
61,HH61,39,M,,
62,HH62,57,M,,
63,HH63,53,F,,
64,HH64,23,M,,
65,HH65,10,M,,
66,HH66,58,M,,
67,HH67,41,M,,
68,HH68,62,M,,
69,HH69,22,F,,
70,HH70,38,F,,
71,HH71,12,F,,
72,HH72,2,F,,
73,HH73,30,F,,
74,HH74,32,F,,
75,HH75,0,M,,
76,HH76,12,M,,
77,HH77,73,F,,
78,HH78,36,F,,
79,HH79,63,F,,
80,HH80,12,M,,
81,HH81,16,F,,
82,HH82,33,M,,
83,HH83,59,F,,
84,HH84,2,F,,
85,HH85,8,M,,
86,HH86,12,F,,
87,HH87,54,M,,
88,HH88,58,F,,
89,HH89,52,M,,
90,HH90,8,F,,
91,HH91,20,F,,
92,HH92,16,M,,
93,HH93,45,F,,
94,HH94,36,M,,
95,HH95,48,M,,
96,HH96,8,F,,
97,HH97,51,F,,
98,HH98,36,M,,
99,HH99,5,F,,
100,HH100,14,M,,
101,HH101,24,M,,
102,HH102,65,M,,
103,HH103,69,M,,
104,HH104,39,M,,
105,HH105,32,M,,
106,HH106,3,M,,
107,HH107,16,F,,
108,HH108,58,F,,
109,HH109,17,F,,
110,HH110,48,M,,
111,HH111,28,M,,
112,HH112,61,M,,
113,HH113,16,M,,
114,HH114,16,M,,
115,HH115,45,F,,
116,HH116,13,M,,
117,HH117,29,M,,
118,HH118,0,F,,
119,HH119,4,F,,
120,HH120,9,M,,
121,HH121,16,M,,
122,HH122,46,M,,
123,HH123,16,M,,
124,HH124,44,F,,
125,HH125,55,M,,
126,HH126,11,M,,
127,HH127,27,M,,
128,HH128,1,M,,
129,HH129,4,M,,
130,HH130,62,M,,
131,HH131,42,M,,
132,HH132,32,M,,
133,HH133,30,F,,
134,HH134,68,M,,
135,HH135,10,F,,
136,HH136,54,F,,
137,HH137,33,M,,
138,HH138,31,F,,
139,HH139,44,F,,
140,HH140,53,F,,
141,HH141,61,F,,
142,HH142,13,M,,
143,HH143,51,M,,
144,HH144,3,M,,
145,HH145,41,F,,
146,HH146,71,M,,
147,HH147,17,F,,
148,HH148,34,F,,
149,HH149,12,M,,
150,HH150,3,F,,
151,HH151,77,M,,
152,HH152,7,F,,
153,HH153,59,M,,
154,HH154,29,F,,
155,HH155,1,M,,
156,HH156,64,M,,
157,HH157,28,F,,
158,HH158,62,F,,
159,HH159,66,M,,
160,HH160,63,M,,
161,HH161,3,M,,
162,HH162,5,M,,
163,HH163,32,M,,
164,HH164,61,F,,
165,HH165,37,M,,
166,HH166,55,M,,
167,HH167,56,F,,
168,HH168,7,M,,
169,HH169,64,F,,
170,HH170,37,F,,
171,HH171,29,M,,
172,HH172,4,F,,
173,HH173,25,M,,
174,HH174,71,M,,
175,HH175,7,F,,
176,HH176,75,M,,
177,HH177,45,M,,
178,HH178,75,M,,
179,HH179,9,F,,
180,HH180,4,M,,
181,HH181,68,F,,
182,HH182,73,M,,
183,HH183,4,F,,
184,HH184,45,F,,
185,HH185,16,F,,
186,HH186,12,M,,
187,HH187,32,M,,
188,HH188,72,F,,
189,HH189,24,F,,
190,HH190,3,F,,
191,HH191,71,M,,
192,HH192,4,M,,
193,HH193,35,M,,
194,HH194,0,F,,
195,HH195,2,F,,
196,HH196,32,M,,
197,HH197,39,F,,
198,HH198,23,F,,
199,HH199,14,F,,
200,HH200,44,M,,
201,HH201,63,M,,
202,HH202,4,M,,
203,HH203,44,F,,
204,HH204,27,F,,
205,HH205,40,M,,
206,HH206,6,M,,
207,HH207,53,M,,
208,HH208,34,M,,
209,HH209,0,M,,
210,HH210,56,F,,
211,HH211,16,F,,
212,HH212,40,M,,
213,HH213,36,F,,
214,HH214,36,F,,
215,HH215,38,M,,
216,HH216,61,M,,
217,HH217,36,M,,
218,HH218,3,F,,
219,HH219,41,F,,
220,HH220,42,M,,
221,HH221,13,M,,
222,HH222,30,M,,
223,HH223,17,F,,
224,HH224,63,F,,
225,HH225,0,M,,
226,HH226,55,M,,
227,HH227,30,F,,
228,HH228,6,F,,
229,HH229,13,M,,
230,HH230,11,M,,
231,HH231,52,M,,
232,HH232,50,M,,
233,HH233,6,F,,
234,HH234,58,F,,
235,HH235,26,M,,
236,HH236,35,M,,
237,HH237,37,F,,
238,HH238,8,M,,
239,HH239,29,M,,
240,HH240,55,M,,
241,HH241,55,M,,
242,HH242,73,M,,
243,HH243,9,M,,
244,HH244,0,M,,
245,HH245,42,M,,
246,HH246,47,M,,
247,HH247,38,F,,
248,HH248,13,F,,
249,HH249,1,M,,
250,HH250,22,F,,
251,HH251,82,M,,
252,HH252,24,F,,
253,HH253,53,M,,
254,HH254,58,F,,
255,HH255,48,F,,
256,HH256,37,M,,
257,HH257,2,M,,
258,HH258,15,F,,
259,HH259,72,F,,
260,HH260,54,F,,
261,HH261,30,M,,
262,HH262,50,M,,
263,HH263,66,M,,
264,HH264,70,F,,
265,HH265,35,M,,
266,HH266,0,M,,
267,HH267,60,F,,
268,HH268,60,F,,
269,HH269,31,F,,
270,HH270,62,M,,
271,HH271,77,F,,
272,HH272,38,F,,
273,HH273,36,M,,
274,HH274,59,F,,
275,HH275,29,M,,
276,HH276,50,M,,
277,HH277,64,M,,
278,HH278,14,M,,
279,HH279,57,F,,
280,HH280,17,M,,
281,HH281,83,M,,
282,HH282,2,M,,
283,HH283,71,M,,
284,HH284,58,F,,
285,HH285,46,M,,
286,HH286,12,F,,
287,HH287,28,M,,
288,HH288,54,M,,
289,HH289,24,M,,
290,HH290,0,F,,
291,HH291,64,M,,
292,HH292,34,F,,
293,HH293,15,F,,
294,HH294,23,M,,
295,HH295,25,M,,
296,HH296,51,M,,
297,HH297,39,M,,
298,HH298,46,F,,
299,HH299,44,M,,
300,HH300,47,F,,
301,HH301,51,F,,
302,HH302,54,F,,
303,HH303,50,M,,
304,HH304,39,M,,
305,HH305,47,F,,
306,HH306,50,F,,
307,HH307,42,M,,
308,HH308,53,F,,
309,HH309,48,F,,
310,HH310,36,F,,
311,HH311,31,M,,
312,HH312,49,M,,
313,HH313,51,F,,
314,HH314,47,F,,
315,HH315,50,M,,
316,HH316,45,F,,
317,HH317,35,F,,
318,HH318,59,F,,
319,HH319,53,M,,
320,HH320,51,F,,
321,HH321,32,F,,
322,HH322,39,F,,
323,HH323,60,M,,
324,HH324,37,F,,
325,HH325,44,F,,
326,HH326,51,M,,
327,HH327,46,F,,
328,HH328,46,M,,
329,HH329,54,M,,
330,HH330,44,F,,
331,HH331,52,F,,
332,HH332,49,M,,
333,HH333,36,F,,
334,HH334,44,M,,
335,HH335,54,M,,
336,HH336,35,F,,
337,HH337,48,M,,
338,HH338,1,M,,
339,HH339,45,M,,
340,HH340,1,M,,
341,HH341,45,M,,
342,HH342,44,F,,
343,HH343,0,M,,
344,HH344,47,F,,
345,HH345,54,M,,
346,HH346,37,F,,
347,HH347,46,F,,
348,HH348,31,M,,
349,HH349,2,F,,
350,HH350,41,F,,
351,HH351,43,F,,
352,HH352,26,F,,
353,HH353,53,M,,
354,HH354,48,F,,
355,HH355,4,M,,
356,HH356,48,F,,
357,HH357,0,F,,
358,HH358,28,F,,
359,HH359,39,F,,
360,HH360,4,M,,
361,HH361,3,M,,
362,HH362,47,M,,
363,HH363,49,M,,
364,HH364,54,F,,
365,HH365,1,F,,
366,HH366,2,M,,
367,HH367,0,F,,
368,HH368,46,M,,
369,HH369,47,F,,
370,HH370,50,F,,
371,HH371,45,F,,
372,HH372,43,F,,
373,HH373,51,F,,
374,HH374,3,M,,
375,HH375,3,M,,
376,HH376,40,F,,
377,HH377,47,M,,
378,HH378,1,M,,
379,HH379,35,M,,
380,HH380,47,M,,
381,HH381,45,F,,
382,HH382,40,M,,
383,HH383,48,F,,
384,HH384,10,M,,
385,HH385,3,F,,
386,HH386,1,M,,
387,HH387,13,F,,
388,HH388,8,F,,
389,HH389,6,F,,
390,HH390,8,F,,
391,HH391,9,M,,
392,HH392,14,F,,
393,HH393,3,M,,
394,HH394,11,M,,
395,HH395,58,M,,
396,HH396,12,M,,
397,HH397,26,F,,
398,HH398,70,M,,
399,HH399,38,M,,
400,HH400,64,M,,
401,HH401,28,F,,
402,HH402,69,F,,
403,HH403,38,M,,
404,HH404,57,F,,
405,HH405,43,M,,
406,HH406,58,F,,
407,HH407,60,F,,
408,HH408,26,F,,
409,HH409,10,M,,
410,HH410,38,F,,
411,HH411,1,M,,
412,HH412,57,F,,
413,HH413,52,F,,
414,HH414,40,M,,
415,HH415,27,F,,
416,HH416,46,F,,
417,HH417,62,F,,
418,HH418,27,F,,
419,HH419,14,F,,
420,HH420,66,M,,
421,HH421,33,F,,
422,HH422,2,F,,
423,HH423,30,M,,
424,HH424,44,M,,
425,HH425,26,F,,
426,HH426,55,M,,
427,HH427,41,M,,
428,HH428,64,M,,
429,HH429,65,F,,
430,HH430,65,M,,
431,HH431,7,M,,
432,HH432,0,F,,
433,HH433,25,F,,
434,HH434,33,M,,
435,HH435,61,F,,
436,HH436,15,F,,
437,HH437,2,F,,
438,HH438,41,M,,
439,HH439,36,M,,
440,HH440,1,F,,
441,HH441,12,F,,
442,HH442,68,M,,
443,HH443,62,M,,
444,HH444,14,M,,
445,HH445,0,F,,
446,HH446,16,M,,
447,HH447,28,M,,
448,HH448,3,M,,
449,HH449,12,M,,
450,HH450,0,F,,
451,HH451,37,M,,
452,HH452,3,M,,
453,HH453,11,F,,
454,HH454,15,M,,
455,HH455,15,F,,
456,HH456,38,M,,
457,HH457,62,M,,
458,HH458,12,M,,
459,HH459,17,F,,
460,HH460,4,M,,
461,HH461,10,M,,
462,HH462,57,M,,
463,HH463,1,F,,
464,HH464,0,M,,
465,HH465,60,F,,
466,HH466,43,F,,
467,HH467,16,F,,
468,HH468,19,F,,
469,HH469,56,F,,
470,HH470,47,F,,
471,HH471,5,M,,
472,HH472,57,F,,
473,HH473,51,M,,
474,HH474,45,F,,
475,HH475,69,F,,
476,HH476,40,F,,
477,HH477,69,M,,
478,HH478,45,F,,
479,HH479,37,M,,
480,HH480,49,F,,
481,HH481,78,M,,
482,HH482,69,M,,
483,HH483,62,F,,
484,HH484,62,F,,
485,HH485,74,F,,
486,HH486,60,F,,
487,HH487,24,F,,
488,HH488,72,M,,
489,HH489,49,M,,
490,HH490,70,M,,
491,HH491,36,F,,
492,HH492,27,M,,
493,HH493,17,M,,
494,HH494,63,F,,
495,HH495,26,F,,
496,HH496,24,M,,
497,HH497,34,M,,
498,HH498,54,F,,
499,HH499,65,M,,
500,HH500,15,F,,
501,HH501,31,M,,
502,HH502,63,F,,
503,HH503,58,M,,
504,HH504,34,F,,
505,HH505,45,F,,
506,HH506,60,F,,
507,HH507,15,M,,
508,HH508,10,F,,
509,HH509,47,M,,
510,HH510,37,F,,
511,HH511,27,F,,
512,HH512,40,F,,
513,HH513,33,F,,
514,HH514,61,F,,
515,HH515,67,F,,
516,HH516,27,M,,
517,HH517,16,M,,
518,HH518,57,F,,
519,HH519,4,M,,
520,HH520,3,F,,
521,HH521,43,M,,
522,HH522,38,M,,
523,HH523,63,M,,
524,HH524,4,F,,
525,HH525,73,M,,
526,HH526,54,F,,
527,HH527,17,M,,
528,HH528,23,M,,
529,HH529,64,F,,
530,HH530,73,M,,
531,HH531,63,F,,
532,HH532,32,F,,
533,HH533,57,M,,
534,HH534,7,F,,
535,HH535,58,F,,
536,HH536,50,F,,
537,HH537,56,M,,
538,HH538,59,F,,
539,HH539,53,M,,
540,HH540,37,F,,
541,HH541,29,F,,
542,HH542,57,M,,
543,HH543,10,M,,
544,HH544,62,M,,
545,HH545,61,F,,
546,HH546,66,M,,
547,HH547,16,M,,
548,HH548,8,M,,
549,HH549,2,F,,
550,HH550,52,M,,
551,HH551,38,M,,
552,HH552,12,M,,
553,HH553,50,F,,
554,HH554,47,F,,
555,HH555,51,M,,
556,HH556,6,F,,
557,HH557,16,M,,
558,HH558,12,M,,
559,HH559,50,F,,
560,HH560,14,M,,
561,HH561,65,M,,
562,HH562,10,M,,
563,HH563,11,F,,
564,HH564,60,M,,
565,HH565,38,M,,
566,HH566,13,M,,
567,HH567,16,M,,
568,HH568,50,M,,
569,HH569,52,F,,
570,HH570,44,M,,
571,HH571,59,F,,
572,HH572,6,F,,
573,HH573,6,F,,
574,HH574,15,M,,
575,HH575,69,M,,
576,HH576,4,F,,
577,HH577,16,M,,
578,HH578,2,F,,
579,HH579,3,F,,
580,HH580,5,F,,
581,HH581,9,F,,
582,HH582,4,F,,
583,HH583,38,M,,
584,HH584,37,F,,
585,HH585,29,M,,
586,HH586,3,M,,
587,HH587,41,M,,
588,HH588,4,M,,
589,HH589,38,M,,
590,HH590,56,M,,
591,HH591,25,F,,
592,HH592,56,M,,
593,HH593,60,M,,
594,HH594,34,M,,
595,HH595,79,F,,
596,HH596,49,M,,
597,HH597,73,M,,
598,HH598,76,M,,
599,HH599,36,F,,
600,HH600,46,F,,
601,HH601,52,M,,
602,HH602,58,M,,
603,HH603,67,M,,
604,HH604,64,F,,
605,HH605,48,F,,
606,HH606,45,F,,
607,HH607,41,F,,
608,HH608,33,F,,
609,HH609,83,M,,
610,HH610,60,M,,
611,HH611,19,F,,
612,HH612,31,F,,
613,HH613,65,F,,
614,HH614,47,M,,
615,HH615,48,F,,
616,HH616,79,M,,
617,HH617,26,M,,
618,HH618,63,F,,
619,HH619,60,M,,
620,HH620,31,M,,
621,HH621,52,M,,
622,HH622,42,M,,
623,HH623,59,M,,
624,HH624,55,M,,
625,HH625,41,M,,
626,HH626,0,F,,
627,HH627,39,F,,
628,HH628,59,F,,
629,HH629,2,F,,
630,HH630,16,M,,
631,HH631,43,F,,
632,HH632,10,M,,
633,HH633,44,M,,
634,HH634,14,M,,
635,HH635,11,F,,
636,HH636,48,M,,
637,HH637,63,F,,
638,HH638,72,M,,
639,HH639,55,F,,
640,HH640,53,F,,
641,HH641,30,F,,
642,HH642,21,M,,
643,HH643,62,M,,
644,HH644,52,F,,
645,HH645,30,F,,
646,HH646,57,M,,
647,HH647,64,M,,
648,HH648,58,M,,
649,HH649,7,F,,
650,HH650,50,M,,
651,HH651,2,M,,
652,HH652,12,F,,
653,HH653,13,M,,
654,HH654,17,F,,
655,HH655,15,F,,
656,HH656,57,M,,
657,HH657,58,F,,
658,HH658,47,M,,
659,HH659,58,F,,
660,HH660,64,F,,
661,HH661,13,F,,
662,HH662,29,M,,
663,HH663,64,F,,
664,HH664,38,F,,
665,HH665,15,F,,
666,HH666,58,F,,
667,HH667,63,F,,
668,HH668,56,F,,
669,HH669,54,M,,
670,HH670,39,M,,
671,HH671,14,M,,
672,HH672,61,F,,
673,HH673,64,M,,
674,HH674,17,F,,
675,HH675,60,F,,
676,HH676,40,F,,
677,HH677,62,M,,
678,HH678,37,F,,
679,HH679,47,F,,
680,HH680,10,M,,
681,HH681,7,M,,
682,HH682,35,F,,
683,HH683,72,M,,
684,HH684,15,F,,
685,HH685,9,M,,
686,HH686,55,F,,
687,HH687,31,F,,
688,HH688,24,M,,
689,HH689,54,M,,
690,HH690,59,F,,
691,HH691,44,M,,
692,HH692,27,F,,
693,HH693,48,F,,
694,HH694,16,M,,
695,HH695,34,F,,
696,HH696,17,F,,
697,HH697,63,M,,
698,HH698,66,M,,
699,HH699,55,F,,
700,HH700,33,F,,
701,HH701,72,F,,
702,HH702,48,M,,
703,HH703,41,M,,
704,HH704,72,M,,
705,HH705,9,F,,
706,HH706,58,M,,
707,HH707,49,M,,
708,HH708,37,M,,
709,HH709,64,F,,
710,HH710,54,F,,
711,HH711,51,F,,
712,HH712,68,F,,
713,HH713,67,M,,
714,HH714,67,M,,
715,HH715,54,M,,
716,HH716,57,F,,
717,HH717,44,M,,
718,HH718,39,F,,
719,HH719,9,F,,
720,HH720,32,F,,
721,HH721,30,F,,
722,HH722,28,F,,
723,HH723,9,F,,
724,HH724,11,F,,
725,HH725,56,M,,
726,HH726,57,M,,
727,HH727,76,M,,
728,HH728,56,F,,
729,HH729,72,M,,
730,HH730,11,M,,
731,HH731,82,F,,
732,HH732,50,M,,
733,HH733,8,F,,
734,HH734,63,M,,
735,HH735,6,F,,
736,HH736,35,M,,
737,HH737,50,M,,
738,HH738,70,M,,
739,HH739,62,M,,
740,HH740,50,M,,
741,HH741,59,F,,
742,HH742,67,M,,
743,HH743,50,M,,
744,HH744,57,F,,
745,HH745,54,M,,
746,HH746,35,M,,
747,HH747,65,F,,
748,HH748,12,M,,
749,HH749,31,F,,
750,HH750,66,F,,
751,HH751,46,M,,
752,HH752,32,M,,
753,HH753,53,M,,
754,HH754,49,F,,
755,HH755,64,F,,
756,HH756,39,F,,
757,HH757,48,M,,
758,HH758,46,M,,
759,HH759,64,F,,
760,HH760,12,F,,
761,HH761,35,F,,
762,HH762,17,F,,
763,HH763,53,M,,
764,HH764,54,F,,
765,HH765,35,M,,
766,HH766,39,F,,
767,HH767,52,M,,
768,HH768,10,M,,
769,HH769,50,F,,
770,HH770,17,F,,
771,HH771,11,M,,
772,HH772,10,F,,
773,HH773,37,M,,
774,HH774,8,M,,
775,HH775,13,F,,
776,HH776,54,F,,
777,HH777,73,M,,
778,HH778,55,M,,
779,HH779,49,M,,
780,HH780,62,M,,
781,HH781,43,M,,
782,HH782,51,M,,
783,HH783,58,F,,
784,HH784,74,F,,
785,HH785,50,M,,
786,HH786,62,F,,
787,HH787,31,M,,
788,HH788,54,M,,
789,HH789,55,F,,
790,HH790,7,F,,
791,HH791,16,M,,
792,HH792,37,F,,
793,HH793,45,M,,
794,HH794,29,F,,
795,HH795,59,F,,
796,HH796,74,M,,
797,HH797,17,M,,
798,HH798,57,M,,
799,HH799,70,M,,
800,HH800,42,F,,
801,HH801,38,M,,
802,HH802,35,F,,
803,HH803,75,M,,
804,HH804,29,F,,
805,HH805,46,M,,
806,HH806,62,M,,
807,HH807,42,F,,
808,HH808,29,F,,
809,HH809,82,M,,
810,HH810,42,M,,
811,HH811,17,F,,
812,HH812,17,F,,
813,HH813,15,M,,
814,HH814,6,F,,
815,HH815,6,F,,
816,HH816,67,F,,
817,HH817,15,M,,
818,HH818,45,M,,
819,HH819,45,M,,
820,HH820,68,M,,
821,HH821,7,M,,
822,HH822,61,M,,
823,HH823,12,F,,
824,HH824,22,F,,
825,HH825,25,F,,
826,HH826,38,F,,
827,HH827,54,F,,
828,HH828,36,F,,
829,HH829,56,F,,
830,HH830,47,F,,
831,HH831,33,F,,
832,HH832,12,M,,
833,HH833,68,M,,
834,HH834,71,M,,
835,HH835,59,M,,
836,HH836,44,M,,
837,HH837,60,M,,
838,HH838,64,M,,
839,HH839,43,M,,
840,HH840,22,M,,
841,HH841,53,M,,
842,HH842,72,M,,
843,HH843,49,F,,
844,HH844,10,F,,
845,HH845,63,F,,
846,HH846,6,M,,
847,HH847,25,F,,
848,HH848,60,F,,
849,HH849,31,F,,
850,HH850,52,M,,
851,HH851,26,F,,
852,HH852,67,F,,
853,HH853,47,M,,
854,HH854,10,M,,
855,HH855,57,F,,
856,HH856,41,M,,
857,HH857,11,M,,
858,HH858,6,F,,
859,HH859,11,M,,
860,HH860,27,F,,
861,HH861,28,M,,
862,HH862,37,M,,
863,HH863,9,M,,
864,HH864,78,F,,
865,HH865,33,M,,
866,HH866,55,M,,
867,HH867,48,F,,
868,HH868,51,M,,
869,HH869,49,M,,
870,HH870,46,M,,
871,HH871,45,M,,
872,HH872,59,M,,
873,HH873,56,M,,
874,HH874,57,F,,
875,HH875,31,F,,
876,HH876,15,M,,
877,HH877,62,F,,
878,HH878,27,F,,
879,HH879,61,F,,
880,HH880,14,M,,
881,HH881,43,F,,
882,HH882,45,M,,
883,HH883,39,F,,
884,HH884,30,M,,
885,HH885,45,M,,
886,HH886,64,F,,
887,HH887,14,M,,
888,HH888,9,F,,
889,HH889,59,M,,
890,HH890,11,M,,
891,HH891,58,M,,
892,HH892,21,M,,
893,HH893,52,F,,
894,HH894,26,M,,
895,HH895,60,F,,
896,HH896,15,F,,
897,HH897,20,M,,
898,HH898,16,M,,
899,HH899,48,M,,
900,HH900,11,F,,
901,HH901,31,F,,
902,HH902,36,F,,
903,HH903,9,M,,
904,HH904,64,M,,
905,HH905,31,F,,
906,HH906,7,F,,
907,HH907,55,M,,
908,HH908,56,M,,
909,HH909,10,F,,
910,HH910,46,F,,
911,HH911,75,M,,
912,HH912,46,M,,
913,HH913,66,F,,
914,HH914,30,M,,
915,HH915,69,M,,
916,HH916,15,F,,
917,HH917,27,M,,
918,HH918,30,F,,
919,HH919,51,M,,
920,HH920,44,M,,
921,HH921,34,F,,
922,HH922,13,F,,
923,HH923,60,M,,
924,HH924,64,M,,
925,HH925,55,F,,
926,HH926,7,M,,
927,HH927,67,M,,
928,HH928,59,M,,
929,HH929,65,F,,
930,HH930,39,F,,
931,HH931,56,F,,
932,HH932,58,M,,
933,HH933,35,F,,
934,HH934,47,F,,
935,HH935,44,M,,
936,HH936,59,F,,
937,HH937,64,M,,
938,HH938,16,F,,
939,HH939,33,F,,
940,HH940,51,F,,
941,HH941,44,F,,
942,HH942,64,M,,
943,HH943,72,F,,
944,HH944,31,F,,
945,HH945,33,M,,
946,HH946,58,F,,
947,HH947,10,M,,
948,HH948,38,M,,
949,HH949,67,M,,
950,HH950,54,F,,
951,HH951,25,F,,
952,HH952,53,M,,
953,HH953,60,M,,
954,HH954,69,F,,
955,HH955,62,F,,
956,HH956,36,F,,
957,HH957,34,M,,
958,HH958,10,M,,
959,HH959,29,F,,
960,HH960,62,F,,
961,HH961,63,M,,
962,HH962,22,M,,
963,HH963,38,M,,
964,HH964,16,F,,
965,HH965,26,M,,
966,HH966,57,F,,
967,HH967,60,F,,
968,HH968,35,F,,
969,HH969,50,M,,
970,HH970,28,F,,
971,HH971,29,F,,
972,HH972,54,F,,
973,HH973,38,M,,
974,HH974,15,F,,
975,HH975,56,F,,
976,HH976,39,F,,
977,HH977,68,F,,
978,HH978,54,M,,
979,HH979,23,F,,
980,HH980,53,F,,
981,HH981,47,F,,
982,HH982,53,M,,
983,HH983,7,M,,
984,HH984,67,F,,
985,HH985,15,M,,
986,HH986,45,F,,
987,HH987,48,M,,
988,HH988,42,F,,
989,HH989,56,F,,
990,HH990,67,M,,
991,HH991,34,F,,
992,HH992,47,F,,
993,HH993,38,M,,
994,HH994,8,M,,
995,HH995,37,M,,
996,HH996,40,M,,
997,HH997,25,M,,
998,HH998,48,M,,
999,HH999,13,M,,
1000,HH1000,15,M,,
1001,HH1001,13,M,,
1002,HH1002,62,M,,
1003,HH1003,42,F,,
1004,HH1004,70,F,,
1005,HH1005,55,F,,
1006,HH1006,12,M,,
1007,HH1007,39,F,,
1008,HH1008,68,F,,
1009,HH1009,65,M,,
1010,HH1010,68,M,,
1011,HH1011,45,F,,
1012,HH1012,31,F,,
1013,HH1013,46,M,,
1014,HH1014,34,M,,
1015,HH1015,70,F,,
1016,HH1016,76,M,,
1017,HH1017,22,F,,
1018,HH1018,58,M,,
1019,HH1019,47,M,,
1020,HH1020,38,F,,
1021,HH1021,57,M,,
1022,HH1022,35,F,,
1023,HH1023,44,F,,
1024,HH1024,9,F,,
1025,HH1025,61,F,,
1026,HH1026,16,M,,
1027,HH1027,44,F,,
1028,HH1028,46,F,,
1029,HH1029,37,F,,
1030,HH1030,50,F,,
1031,HH1031,52,M,,
1032,HH1032,26,F,,
1033,HH1033,15,M,,
1034,HH1034,14,M,,
1035,HH1035,14,M,,
1036,HH1036,7,F,,
1037,HH1037,27,M,,
1038,HH1038,37,F,,
1039,HH1039,60,M,,
1040,HH1040,65,M,,
1041,HH1041,49,M,,
1042,HH1042,30,M,,
1043,HH1043,35,M,,
1044,HH1044,61,M,,
1045,HH1045,43,M,,
1046,HH1046,51,M,,
1047,HH1047,60,M,,
1048,HH1048,44,M,,
1049,HH1049,9,M,,
1050,HH1050,50,M,,
1051,HH1051,36,F,,
1052,HH1052,10,M,,
1053,HH1053,21,F,,
1054,HH1054,22,F,,
1055,HH1055,13,F,,
1056,HH1056,39,F,,
1057,HH1057,22,F,,
1058,HH1058,58,F,,
1059,HH1059,38,F,,
1060,HH1060,40,F,,
1061,HH1061,60,F,,
1062,HH1062,66,M,,
1063,HH1063,60,F,,
1064,HH1064,55,F,,
1065,HH1065,61,F,,
1066,HH1066,67,F,,
1067,HH1067,22,M,,
1068,HH1068,25,M,,
1069,HH1069,6,M,,
1070,HH1070,23,F,,
1071,HH1071,48,F,,
1072,HH1072,51,M,,
1073,HH1073,53,M,,
1074,HH1074,24,F,,
1075,HH1075,17,F,,
1076,HH1076,54,M,,
1077,HH1077,59,M,,
1078,HH1078,48,M,,
1079,HH1079,36,M,,
1080,HH1080,49,M,,
1081,HH1081,13,F,,
1082,HH1082,71,F,,
1083,HH1083,36,F,,
1084,HH1084,55,F,,
1085,HH1085,64,M,,
1086,HH1086,7,F,,
1087,HH1087,13,M,,
1088,HH1088,22,F,,
1089,HH1089,13,M,,
1090,HH1090,60,F,,
1091,HH1091,23,F,,
1092,HH1092,61,M,,
1093,HH1093,35,M,,
1094,HH1094,13,M,,
1095,HH1095,10,M,,
1096,HH1096,30,F,,
1097,HH1097,13,M,,
1098,HH1098,48,M,,
1099,HH1099,22,F,,
1100,HH1100,30,F,,
1101,HH1101,11,F,,
1102,HH1102,8,F,,
1103,HH1103,39,F,,
1104,HH1104,36,F,,
1105,HH1105,34,F,,
1106,HH1106,48,F,,
1107,HH1107,38,M,,
1108,HH1108,41,M,,
1109,HH1109,51,M,,
1110,HH1110,32,M,,
1111,HH1111,56,M,,
1112,HH1112,73,M,,
1113,HH1113,26,M,,
1114,HH1114,69,M,,
1115,HH1115,53,M,,
1116,HH1116,7,M,,
1117,HH1117,67,F,,
1118,HH1118,75,M,,
1119,HH1119,48,M,,
1120,HH1120,70,M,,
1121,HH1121,63,F,,
1122,HH1122,56,F,,
1123,HH1123,41,M,,
1124,HH1124,62,F,,
1125,HH1125,46,M,,
1126,HH1126,58,M,,
1127,HH1127,57,F,,
1128,HH1128,63,F,,
1129,HH1129,48,M,,
1130,HH1130,14,F,,
1131,HH1131,81,F,,
1132,HH1132,58,M,,
1133,HH1133,60,F,,
1134,HH1134,54,M,,
1135,HH1135,45,M,,
1136,HH1136,16,F,,
1137,HH1137,47,F,,
1138,HH1138,50,F,,
1139,HH1139,14,M,,
1140,HH1140,71,M,,
1141,HH1141,71,F,,
1142,HH1142,71,M,,
1143,HH1143,75,M,,
1144,HH1144,80,M,,
1145,HH1145,37,M,,
1146,HH1146,41,F,,
1147,HH1147,57,F,,
1148,HH1148,10,F,,
1149,HH1149,61,M,,
1150,HH1150,14,M,,
1151,HH1151,50,F,,
1152,HH1152,17,M,,
1153,HH1153,69,M,,
1154,HH1154,37,F,,
1155,HH1155,70,F,,
1156,HH1156,62,M,,
1157,HH1157,35,M,,
1158,HH1158,35,F,,
1159,HH1159,65,F,,
1160,HH1160,57,F,,
1161,HH1161,25,M,,
1162,HH1162,61,M,,
1163,HH1163,59,F,,
1164,HH1164,53,M,,
1165,HH1165,50,F,,
1166,HH1166,10,F,,
1167,HH1167,64,F,,
1168,HH1168,42,M,,
1169,HH1169,5,M,,
1170,HH1170,55,M,,
1171,HH1171,58,M,,
1172,HH1172,14,M,,
1173,HH1173,63,F,,
1174,HH1174,26,F,,
1175,HH1175,74,M,,
1176,HH1176,13,F,,
1177,HH1177,13,F,,
1178,HH1178,62,M,,
1179,HH1179,41,F,,
1180,HH1180,42,M,,
1181,HH1181,37,M,,
1182,HH1182,55,F,,
1183,HH1183,17,M,,
1184,HH1184,12,F,,
1185,HH1185,43,M,,
1186,HH1186,43,M,,
1187,HH1187,50,M,,
1188,HH1188,59,M,,
1189,HH1189,68,F,,
1190,HH1190,37,F,,
1191,HH1191,45,F,,
1192,HH1192,37,M,,
1193,HH1193,53,M,,
1194,HH1194,42,M,,
1195,HH1195,50,F,,
1196,HH1196,41,M,,
1197,HH1197,42,F,,
1198,HH1198,45,M,,
1199,HH1199,15,F,,
1200,HH1200,41,F,,
1201,HH1201,39,F,,
1202,HH1202,35,F,,
1203,HH1203,42,F,,
1204,HH1204,37,F,,
1205,HH1205,52,F,,
1206,HH1206,64,F,,
1207,HH1207,72,F,,
1208,HH1208,45,F,,
1209,HH1209,5,F,,
1210,HH1210,58,M,,
1211,HH1211,36,F,,
1212,HH1212,38,F,,
1213,HH1213,41,F,,
1214,HH1214,10,M,,
1215,HH1215,45,M,,
1216,HH1216,75,M,,
1217,HH1217,40,F,,
1218,HH1218,53,F,,
1219,HH1219,39,F,,
1220,HH1220,7,M,,
1221,HH1221,46,F,,
1222,HH1222,42,F,,
1223,HH1223,48,F,,
1224,HH1224,52,F,,
1225,HH1225,5,M,,
1226,HH1226,53,F,,
1227,HH1227,38,F,,
1228,HH1228,7,F,,
1229,HH1229,70,F,,
1230,HH1230,36,F,,
1231,HH1231,7,M,,
1232,HH1232,24,F,,
1233,HH1233,56,F,,
1234,HH1234,58,M,,
1235,HH1235,37,F,,
1236,HH1236,60,M,,
1237,HH1237,53,M,,
1238,HH1238,41,F,,
1239,HH1239,44,M,,
1240,HH1240,8,F,,
1241,HH1241,33,F,,
1242,HH1242,66,M,,
1243,HH1243,43,F,,
1244,HH1244,47,M,,
1245,HH1245,37,M,,
1246,HH1246,52,M,,
1247,HH1247,51,M,,
1248,HH1248,53,M,,
1249,HH1249,47,M,,
1250,HH1250,38,M,,
1251,HH1251,32,M,,
1252,HH1252,31,M,,
1253,HH1253,61,M,,
1254,HH1254,65,M,,
1255,HH1255,23,F,,
1256,HH1256,62,M,,
1257,HH1257,37,M,,
1258,HH1258,57,F,,
1259,HH1259,47,F,,
1260,HH1260,48,F,,
1261,HH1261,51,F,,
1262,HH1262,68,F,,
1263,HH1263,43,M,,
1264,HH1264,21,M,,
1265,HH1265,8,M,,
1266,HH1266,52,F,,
1267,HH1267,45,F,,
1268,HH1268,63,M,,
1269,HH1269,39,M,,
1270,HH1270,38,F,,
1271,HH1271,44,M,,
1272,HH1272,55,F,,
1273,HH1273,68,F,,
1274,HH1274,5,F,,
1275,HH1275,50,F,,
1276,HH1276,26,F,,
1277,HH1277,33,F,,
1278,HH1278,22,M,,
1279,HH1279,57,M,,
1280,HH1280,53,F,,
1281,HH1281,25,M,,
1282,HH1282,21,M,,
1283,HH1283,55,F,,
1284,HH1284,70,M,,
1285,HH1285,47,F,,
1286,HH1286,62,F,,
1287,HH1287,25,F,,
1288,HH1288,33,F,,
1289,HH1289,31,F,,
1290,HH1290,40,M,,
1291,HH1291,7,F,,
1292,HH1292,66,M,,
1293,HH1293,43,M,,
1294,HH1294,59,F,,
1295,HH1295,20,M,,
1296,HH1296,53,M,,
1297,HH1297,63,F,,
1298,HH1298,58,M,,
1299,HH1299,49,F,,
1300,HH1300,37,F,,
1301,HH1301,65,M,,
1302,HH1302,72,M,,
1303,HH1303,39,M,,
1304,HH1304,58,M,,
1305,HH1305,5,F,,
1306,HH1306,23,F,,
1307,HH1307,20,M,,
1308,HH1308,78,M,,
1309,HH1309,55,M,,
1310,HH1310,58,F,,
1311,HH1311,39,M,,
1312,HH1312,6,M,,
1313,HH1313,55,M,,
1314,HH1314,45,M,,
1315,HH1315,31,F,,
1316,HH1316,31,F,,
1317,HH1317,34,F,,
1318,HH1318,36,F,,
1319,HH1319,50,M,,
1320,HH1320,55,F,,
1321,HH1321,47,M,,
1322,HH1322,26,F,,
1323,HH1323,56,F,,
1324,HH1324,45,M,,
1325,HH1325,39,F,,
1326,HH1326,76,M,,
1327,HH1327,48,M,,
1328,HH1328,6,M,,
1329,HH1329,7,F,,
1330,HH1330,42,F,,
1331,HH1331,36,F,,
1332,HH1332,60,M,,
1333,HH1333,41,F,,
1334,HH1334,54,M,,
1335,HH1335,55,F,,
1336,HH1336,39,F,,
1337,HH1337,37,F,,
1338,HH1338,63,M,,
1339,HH1339,27,M,,
1340,HH1340,34,F,,
1341,HH1341,53,M,,
1342,HH1342,63,F,,
1343,HH1343,52,M,,
1344,HH1344,36,F,,
1345,HH1345,39,F,,
1346,HH1346,70,F,,
1347,HH1347,42,F,,
1348,HH1348,59,F,,
1349,HH1349,48,F,,
1350,HH1350,53,M,,
1351,HH1351,60,F,,
1352,HH1352,39,M,,
1353,HH1353,38,F,,
1354,HH1354,35,F,,
1355,HH1355,19,F,,
1356,HH1356,61,M,,
1357,HH1357,36,F,,
1358,HH1358,44,F,,
1359,HH1359,43,M,,
1360,HH1360,50,M,,
1361,HH1361,46,F,,
1362,HH1362,39,M,,
1363,HH1363,65,F,,
1364,HH1364,33,F,,
1365,HH1365,45,F,,
1366,HH1366,37,M,,
1367,HH1367,47,F,,
1368,HH1368,40,M,,
1369,HH1369,48,F,,
1370,HH1370,59,F,,
1371,HH1371,75,M,,
1372,HH1372,50,M,,
1373,HH1373,51,F,,
1374,HH1374,38,M,,
1375,HH1375,28,F,,
1376,HH1376,62,F,,
1377,HH1377,55,M,,
1378,HH1378,61,F,,
1379,HH1379,53,M,,
1380,HH1380,36,M,,
1381,HH1381,64,F,,
1382,HH1382,40,M,,
1383,HH1383,76,M,,
1384,HH1384,70,F,,
1385,HH1385,60,M,,
1386,HH1386,62,F,,
1387,HH1387,55,M,,
1388,HH1388,40,F,,
1389,HH1389,56,F,,
1390,HH1390,63,M,,
1391,HH1391,37,M,,
1392,HH1392,49,M,,
1393,HH1393,70,M,,
1394,HH1394,42,F,,
1395,HH1395,41,F,,
1396,HH1396,37,M,,
1397,HH1397,63,F,,
1398,HH1398,81,M,,
1399,HH1399,48,M,,
1400,HH1400,46,F,,
1401,HH1401,53,M,,
1402,HH1402,46,M,,
1403,HH1403,38,M,,
1404,HH1404,39,F,,
1405,HH1405,51,M,,
1406,HH1406,67,M,,
1407,HH1407,52,F,,
1408,HH1408,36,M,,
1409,HH1409,26,F,,
1410,HH1410,52,F,,
1411,HH1411,51,M,,
1412,HH1412,50,M,,
1413,HH1413,51,F,,
1414,HH1414,60,M,,
1415,HH1415,35,F,,
1416,HH1416,51,F,,
1417,HH1417,48,M,,
1418,HH1418,52,M,,
1419,HH1419,61,F,,
1420,HH1420,53,M,,
1421,HH1421,49,M,,
1422,HH1422,50,M,,
1423,HH1423,47,M,,
1424,HH1424,42,M,,
1425,HH1425,60,M,,
1426,HH1426,50,M,,
1427,HH1427,40,M,,
1428,HH1428,60,M,,
1429,HH1429,36,M,,
1430,HH1430,50,M,,
1431,HH1431,47,F,,
1432,HH1432,39,F,,
1433,HH1433,45,F,,
1434,HH1434,35,F,,
1435,HH1435,55,F,,
1436,HH1436,30,M,,
1437,HH1437,53,F,,
1438,HH1438,57,F,,
1439,HH1439,80,M,,
1440,HH1440,37,M,,
1441,HH1441,65,M,,
1442,HH1442,41,F,,
1443,HH1443,50,F,,
1444,HH1444,43,F,,
1445,HH1445,39,F,,
1446,HH1446,40,F,,
1447,HH1447,76,M,,
1448,HH1448,48,M,,
1449,HH1449,36,F,,
1450,HH1450,48,F,,
1451,HH1451,38,F,,
1452,HH1452,60,F,,
1453,HH1453,54,M,,
1454,HH1454,29,F,,
1455,HH1455,58,F,,
1456,HH1456,21,F,,
1457,HH1457,48,M,,
1458,HH1458,29,M,,
1459,HH1459,38,M,,
1460,HH1460,35,M,,
1461,HH1461,75,M,,
1462,HH1462,28,F,,
1463,HH1463,41,F,,
1464,HH1464,68,F,,
1465,HH1465,38,F,,
1466,HH1466,37,M,,
1467,HH1467,40,F,,
1468,HH1468,48,F,,
1469,HH1469,42,M,,
1470,HH1470,59,F,,
1471,HH1471,30,M,,
1472,HH1472,34,M,,
1473,HH1473,53,F,,
1474,HH1474,43,M,,
1475,HH1475,46,F,,
1476,HH1476,70,F,,
1477,HH1477,67,F,,
1478,HH1478,59,M,,
1479,HH1479,66,F,,
1480,HH1480,45,F,,
1481,HH1481,63,F,,
1482,HH1482,55,M,,
1483,HH1483,41,M,,
1484,HH1484,32,F,,
1485,HH1485,34,F,,
1486,HH1486,68,M,,
1487,HH1487,64,M,,
1488,HH1488,39,M,,
1489,HH1489,62,F,,
1490,HH1490,46,M,,
1491,HH1491,33,M,,
1492,HH1492,23,M,,
1493,HH1493,49,M,,
1494,HH1494,66,M,,
1495,HH1495,82,M,,
1496,HH1496,76,M,,
1497,HH1497,31,M,,
1498,HH1498,57,M,,
1499,HH1499,74,M,,
1500,HH1500,65,M,,
1501,HH1501,32,M,,
1502,HH1502,67,M,,
1503,HH1503,23,M,,
1504,HH1504,34,M,,
1505,HH1505,37,F,,
1506,HH1506,65,F,,
1507,HH1507,28,M,,
1508,HH1508,53,M,,
1509,HH1509,60,F,,
1510,HH1510,72,F,,
1511,HH1511,60,F,,
1512,HH1512,42,F,,
1513,HH1513,32,F,,
1514,HH1514,52,F,,
1515,HH1515,38,F,,
1516,HH1516,53,F,,
1517,HH1517,56,F,,
1518,HH1518,76,M,,
1519,HH1519,66,F,,
1520,HH1520,20,M,,
1521,HH1521,58,F,,
1522,HH1522,38,M,,
1523,HH1523,62,M,,
1524,HH1524,45,M,,
1525,HH1525,43,M,,
1526,HH1526,54,M,,
1527,HH1527,24,F,,
1528,HH1528,36,M,,
1529,HH1529,33,F,,
1530,HH1530,29,F,,
1531,HH1531,47,F,,
1532,HH1532,60,F,,
1533,HH1533,46,M,,
1534,HH1534,61,M,,
1535,HH1535,74,M,,
1536,HH1536,26,M,,
1537,HH1537,32,F,,
1538,HH1538,21,F,,
1539,HH1539,61,M,,
1540,HH1540,47,M,,
1541,HH1541,73,M,,
1542,HH1542,64,M,,
1543,HH1543,54,M,,
1544,HH1544,24,F,,
1545,HH1545,49,F,,
1546,HH1546,66,F,,
1547,HH1547,58,M,,
1548,HH1548,63,M,,
1549,HH1549,42,M,,
1550,HH1550,70,M,,
1551,HH1551,58,F,,
1552,HH1552,71,F,,
1553,HH1553,76,M,,
1554,HH1554,66,M,,
1555,HH1555,75,F,,
1556,HH1556,65,M,,
1557,HH1557,32,F,,
1558,HH1558,64,M,,
1559,HH1559,68,F,,
1560,HH1560,52,M,,
1561,HH1561,50,M,,
1562,HH1562,38,F,,
1563,HH1563,35,F,,
1564,HH1564,32,M,,
1565,HH1565,25,M,,
1566,HH1566,56,M,,
1567,HH1567,57,M,,
1568,HH1568,58,M,,
1569,HH1569,62,M,,
1570,HH1570,42,F,,
1571,HH1571,32,F,,
1572,HH1572,65,M,,
1573,HH1573,43,M,,
1574,HH1574,22,F,,
1575,HH1575,51,F,,
1576,HH1576,60,M,,
1577,HH1577,49,M,,
1578,HH1578,42,F,,
1579,HH1579,69,F,,
1580,HH1580,42,F,,
1581,HH1581,44,M,,
1582,HH1582,39,M,,
1583,HH1583,41,F,,
1584,HH1584,60,F,,
1585,HH1585,57,F,,
1586,HH1586,62,M,,
1587,HH1587,49,F,,
1588,HH1588,40,M,,
1589,HH1589,55,M,,
1590,HH1590,37,M,,
1591,HH1591,61,F,,
1592,HH1592,67,F,,
1593,HH1593,64,F,,
1594,HH1594,34,F,,
1595,HH1595,21,F,,
1596,HH1596,70,M,,
1597,HH1597,54,M,,
1598,HH1598,36,M,,
1599,HH1599,83,F,,
1600,HH1600,36,F,,
1601,HH1601,53,F,,
1602,HH1602,60,F,,
1603,HH1603,36,F,,
1604,HH1604,50,F,,
1605,HH1605,52,F,,
1606,HH1606,60,M,,
1607,HH1607,34,F,,
1608,HH1608,72,F,,
1609,HH1609,40,F,,
1610,HH1610,48,M,,
1611,HH1611,27,M,,
1612,HH1612,36,F,,
1613,HH1613,47,F,,
1614,HH1614,51,F,,
1615,HH1615,29,F,,
1616,HH1616,45,M,,
1617,HH1617,25,M,,
1618,HH1618,56,F,,
1619,HH1619,48,F,,
1620,HH1620,45,F,,
1621,HH1621,38,M,,
1622,HH1622,30,F,,
1623,HH1623,30,M,,
1624,HH1624,28,F,,
1625,HH1625,61,F,,
1626,HH1626,30,M,,
1627,HH1627,73,F,,
1628,HH1628,68,M,,
1629,HH1629,62,F,,
1630,HH1630,68,F,,
1631,HH1631,42,M,,
1632,HH1632,59,M,,
1633,HH1633,34,M,,
1634,HH1634,24,F,,
1635,HH1635,57,F,,
1636,HH1636,24,M,,
1637,HH1637,82,F,,
1638,HH1638,49,M,,
1639,HH1639,40,M,,
1640,HH1640,34,M,,
1641,HH1641,19,M,,
1642,HH1642,59,F,,
1643,HH1643,41,F,,
1644,HH1644,62,F,,
1645,HH1645,61,M,,
1646,HH1646,45,M,,
1647,HH1647,72,F,,
1648,HH1648,72,F,,
1649,HH1649,99,F,,
1650,HH1650,75,F,,
1651,HH1651,55,M,,
1652,HH1652,45,M,,
1653,HH1653,72,F,,
1654,HH1654,52,F,,
1655,HH1655,28,F,,
1656,HH1656,75,F,,
1657,HH1657,52,F,,
1658,HH1658,53,F,,
1659,HH1659,76,M,,
1660,HH1660,23,F,,
1661,HH1661,48,F,,
1662,HH1662,53,F,,
1663,HH1663,59,F,,
1664,HH1664,32,M,,
1665,HH1665,54,F,,
1666,HH1666,45,M,,
1667,HH1667,21,M,,
1668,HH1668,47,F,,
1669,HH1669,45,F,,
1670,HH1670,46,F,,
1671,HH1671,66,M,,
1672,HH1672,82,F,,
1673,HH1673,32,F,,
1674,HH1674,27,M,,
1675,HH1675,70,F,,
1676,HH1676,58,F,,
1677,HH1677,38,F,,
1678,HH1678,47,M,,
1679,HH1679,47,F,,
1680,HH1680,45,F,,
1681,HH1681,61,F,,
1682,HH1682,32,F,,
1683,HH1683,79,F,,
1684,HH1684,61,F,,
1685,HH1685,46,M,,
1686,HH1686,33,F,,
1687,HH1687,32,F,,
1688,HH1688,52,F,,
1689,HH1689,40,M,,
1690,HH1690,74,F,,
1691,HH1691,29,F,,
1692,HH1692,70,F,,
1693,HH1693,73,F,,
1694,HH1694,55,F,,
1695,HH1695,46,F,,
1696,HH1696,66,F,,
1697,HH1697,72,F,,
1698,HH1698,75,F,,
1699,HH1699,57,F,,
1700,HH1700,32,M,,
1701,HH1701,71,F,,
1702,HH1702,68,M,,
1703,HH1703,23,F,,
1704,HH1704,39,F,,
1705,HH1705,67,F,,
1706,HH1706,73,F,,
1707,HH1707,29,F,,
1708,HH1708,28,F,,
1709,HH1709,32,M,,
1710,HH1710,76,M,,
1711,HH1711,62,F,,
1712,HH1712,76,F,,
1713,HH1713,73,M,,
1714,HH1714,61,F,,
1715,HH1715,75,M,,
1716,HH1716,73,M,,
1717,HH1717,81,F,,
1718,HH1718,76,M,,
1719,HH1719,26,F,,
1720,HH1720,76,M,,
1721,HH1721,80,F,,
1722,HH1722,88,F,,
1723,HH1723,74,M,,
1724,HH1724,75,F,,
1725,HH1725,63,F,,
1726,HH1726,61,M,,
1727,HH1727,32,M,,
1728,HH1728,64,M,,
1729,HH1729,29,F,,
1730,HH1730,30,F,,
1731,HH1731,78,M,,
1732,HH1732,75,M,,
1733,HH1733,71,F,,
1734,HH1734,30,F,,
1735,HH1735,71,M,,
1736,HH1736,66,F,,
1737,HH1737,72,M,,
1738,HH1738,29,F,,
1739,HH1739,73,F,,
1740,HH1740,71,M,,
1741,HH1741,78,M,,
1742,HH1742,82,M,,
1743,HH1743,71,M,,
1744,HH1744,31,M,,
1745,HH1745,37,M,,
1746,HH1746,73,F,,
1747,HH1747,71,M,,
1748,HH1748,34,F,,
1749,HH1749,71,F,,
1750,HH1750,34,F,,
1751,HH1751,71,F,,
1752,HH1752,72,M,,
1753,HH1753,35,M,,
1754,HH1754,79,F,,
1755,HH1755,61,F,,
1756,HH1756,70,F,,
1757,HH1757,39,F,,
1758,HH1758,71,F,,
1759,HH1759,69,M,,
1760,HH1760,79,M,,
1761,HH1761,74,M,,
1762,HH1762,63,M,,
1763,HH1763,24,F,,
1764,HH1764,60,M,,
1765,HH1765,26,M,,
1766,HH1766,77,F,,
1767,HH1767,39,M,,
1768,HH1768,72,F,,
1769,HH1769,84,M,,
1770,HH1770,35,F,,
1771,HH1771,65,F,,
1772,HH1772,29,M,,
1773,HH1773,68,F,,
1774,HH1774,29,F,,
1775,HH1775,75,F,,
1776,HH1776,70,M,,
1777,HH1777,70,M,,
1778,HH1778,21,M,,
1779,HH1779,32,M,,
1780,HH1780,77,M,,
1781,HH1781,76,M,,
1782,HH1782,31,F,,
1783,HH1783,70,M,,
1784,HH1784,72,M,,
1785,HH1785,80,M,,
1786,HH1786,73,M,,
1787,HH1787,80,F,,
1788,HH1788,27,F,,
1789,HH1789,72,F,,
1790,HH1790,29,M,,
1791,HH1791,81,F,,
1792,HH1792,27,F,,
1793,HH1793,71,F,,
1794,HH1794,71,F,,
1795,HH1795,70,M,,
1796,HH1796,75,F,,
1797,HH1797,28,M,,
1798,HH1798,70,M,,
1799,HH1799,71,M,,
1800,HH1800,74,M,,
1801,HH1801,36,F,,
1802,HH1802,18,M,,
1803,HH1803,74,F,,
1804,HH1804,20,M,,
1805,HH1805,77,M,,
1806,HH1806,35,M,,
1807,HH1807,80,F,,
1808,HH1808,73,M,,
1809,HH1809,22,F,,
1810,HH1810,70,M,,
1811,HH1811,35,M,,
1812,HH1812,70,F,,
1813,HH1813,33,F,,
1814,HH1814,38,M,,
1815,HH1815,70,M,,
1816,HH1816,39,M,,
1817,HH1817,38,F,,
1818,HH1818,37,F,,
1819,HH1819,28,F,,
1820,HH1820,35,F,,
1821,HH1821,26,F,,
1822,HH1822,32,M,,
1823,HH1823,36,F,,
1824,HH1824,32,F,,
1825,HH1825,74,M,,
1826,HH1826,33,F,,
1827,HH1827,36,F,,
1828,HH1828,36,F,,
1829,HH1829,29,F,,
1830,HH1830,79,M,,
1831,HH1831,28,M,,
1832,HH1832,70,F,,
1833,HH1833,39,F,,
1834,HH1834,26,M,,
1835,HH1835,31,M,,
1836,HH1836,73,M,,
1837,HH1837,70,F,,
1838,HH1838,35,F,,
1839,HH1839,37,F,,
1840,HH1840,72,M,,
1841,HH1841,73,M,,
1842,HH1842,36,F,,
1843,HH1843,35,F,,
1844,HH1844,34,M,,
1845,HH1845,36,F,,
1846,HH1846,26,M,,
1847,HH1847,79,M,,
1848,HH1848,75,M,,
1849,HH1849,20,F,,
1850,HH1850,38,F,,
1851,HH1851,77,M,,
1852,HH1852,70,F,,
1853,HH1853,70,M,,
1854,HH1854,75,M,,
1855,HH1855,76,M,,
1856,HH1856,76,M,,
1857,HH1857,73,M,,
1858,HH1858,89,M,,
1859,HH1859,74,M,,
1860,HH1860,70,M,,
1861,HH1861,71,M,,
1862,HH1862,31,F,,
1863,HH1863,77,F,,
1864,HH1864,81,M,,
1865,HH1865,70,M,,
1866,HH1866,70,F,,
1867,HH1867,75,M,,
1868,HH1868,74,M,,
1869,HH1869,71,M,,
1870,HH1870,79,M,,
1871,HH1871,70,M,,
1872,HH1872,72,F,,
1873,HH1873,72,M,,
1874,HH1874,73,M,,
1875,HH1875,70,M,,
1876,HH1876,78,F,,
1877,HH1877,72,M,,
1878,HH1878,76,M,,
1879,HH1879,77,M,,
1880,HH1880,77,M,,
1881,HH1881,72,M,,
1882,HH1882,71,F,,
1883,HH1883,74,M,,
1884,HH1884,74,M,,
1885,HH1885,71,M,,
1886,HH1886,74,F,,
1887,HH1887,70,F,,
1888,HH1888,74,F,,
1889,HH1889,75,M,,
1890,HH1890,74,M,,
1891,HH1891,72,M,,
1892,HH1892,75,M,,
1893,HH1893,73,M,,
1894,HH1894,76,M,,
1895,HH1895,72,M,,
1896,HH1896,72,M,,
1897,HH1897,82,M,,
1898,HH1898,73,F,,
1899,HH1899,73,M,,
1900,HH1900,76,M,,
1901,HH1901,79,M,,
1902,HH1902,76,M,,
1903,HH1903,73,M,,
1904,HH1904,75,M,,
1905,HH1905,71,M,,
1906,HH1906,80,F,,
1907,HH1907,75,M,,
1908,HH1908,74,M,,
1909,HH1909,71,F,,
1910,HH1910,73,M,,
1911,HH1911,85,M,,
1912,HH1912,72,F,,
1913,HH1913,74,M,,
1914,HH1914,73,F,,
1915,HH1915,73,F,,
1916,HH1916,71,F,,
1917,HH1917,71,M,,
1918,HH1918,73,M,,
1919,HH1919,73,M,,
1920,HH1920,72,M,,
1921,HH1921,74,M,,
1922,HH1922,75,F,,
1923,HH1923,74,M,,
1924,HH1924,79,M,,
1925,HH1925,73,M,,
1926,HH1926,71,F,,
1927,HH1927,72,F,,
1928,HH1928,70,M,,
1929,HH1929,71,F,,
1930,HH1930,80,M,,
1931,HH1931,82,M,,
1932,HH1932,74,F,,
1933,HH1933,81,F,,
1934,HH1934,79,M,,
1935,HH1935,79,F,,
1936,HH1936,72,M,,
1937,HH1937,73,M,,
1938,HH1938,71,M,,
1939,HH1939,71,M,,
1940,HH1940,72,M,,
1941,HH1941,74,M,,
1942,HH1942,74,F,,
1943,HH1943,76,M,,
1944,HH1944,78,M,,
1945,HH1945,74,M,,
1946,HH1946,77,M,,
1947,HH1947,73,M,,
1948,HH1948,73,F,,
1949,HH1949,75,M,,
1950,HH1950,84,F,,
1951,HH1951,73,M,,
1952,HH1952,72,F,,
1953,HH1953,70,M,,
1954,HH1954,70,M,,
1955,HH1955,77,M,,
1956,HH1956,72,M,,
1957,HH1957,71,F,,
1958,HH1958,73,M,,
1959,HH1959,79,M,,
1960,HH1960,76,M,,
1961,HH1961,73,F,,
1962,HH1962,71,M,,
1963,HH1963,73,M,,
1964,HH1964,76,M,,
1965,HH1965,72,M,,
1966,HH1966,71,F,,
1967,HH1967,70,M,,
1968,HH1968,70,M,,
1969,HH1969,76,M,,
1970,HH1970,71,M,,
1971,HH1971,74,M,,
1972,HH1972,73,M,,
1973,HH1973,74,M,,
1974,HH1974,72,F,,
1975,HH1975,71,F,,
1976,HH1976,73,F,,
1977,HH1977,74,M,,
1978,HH1978,89,F,,
1979,HH1979,71,F,,
1980,HH1980,70,F,,
1981,HH1981,77,F,,
1982,HH1982,70,F,,
1983,HH1983,78,M,,
1984,HH1984,79,M,,
1985,HH1985,73,M,,
1986,HH1986,72,F,,
1987,HH1987,73,F,,
1988,HH1988,71,M,,
1989,HH1989,79,F,,
1990,HH1990,72,M,,
1991,HH1991,71,F,,
1992,HH1992,81,M,,
1993,HH1993,71,M,,
1994,HH1994,71,M,,
1995,HH1995,74,M,,
1996,HH1996,76,M,,
1997,HH1997,75,F,,
1998,HH1998,72,M,,
1999,HH1999,71,M,,
2000,HH2000,72,M,,
2001,HH2001,71,F,,
2002,HH2002,73,M,,
2003,HH2003,76,M,,
2004,HH2004,79,M,,
2005,HH2005,72,F,,
2006,HH2006,73,F,,
2007,HH2007,77,M,,
2008,HH2008,71,M,,
2009,HH2009,71,F,,
2010,HH2010,70,F,,
2011,HH2011,70,F,,
2012,HH2012,77,M,,
2013,HH2013,77,M,,
2014,HH2014,73,M,,
2015,HH2015,60,M,,
2016,HH2016,78,M,,
2017,HH2017,72,F,,
2018,HH2018,74,M,,
2019,HH2019,70,M,,
2020,HH2020,76,M,,
2021,HH2021,37,M,,
2022,HH2022,75,M,,
2023,HH2023,78,M,,
2024,HH2024,74,M,,
2025,HH2025,74,M,,
2026,HH2026,70,F,,
2027,HH2027,76,F,,
2028,HH2028,74,M,,
2029,HH2029,77,M,,
2030,HH2030,75,F,,
2031,HH2031,72,M,,
2032,HH2032,74,M,,
2033,HH2033,74,F,,
2034,HH2034,73,F,,
2035,HH2035,76,M,,
2036,HH2036,77,F,,
2037,HH2037,77,M,,
2038,HH2038,75,F,,
2039,HH2039,72,M,,
2040,HH2040,75,M,,
2041,HH2041,78,M,,
2042,HH2042,70,F,,
2043,HH2043,77,M,,
2044,HH2044,71,M,,
2045,HH2045,72,M,,
2046,HH2046,70,M,,
2047,HH2047,78,M,,
2048,HH2048,75,M,,
2049,HH2049,73,M,,
2050,HH2050,83,F,,
2051,HH2051,75,F,,
2052,HH2052,73,M,,
2053,HH2053,49,F,,
2054,HH2054,63,F,,
2055,HH2055,23,F,,
2056,HH2056,58,F,,
2057,HH2057,72,F,,
2058,HH2058,50,F,,
2059,HH2059,57,F,,
2060,HH2060,70,F,,
2061,HH2061,56,F,,
2062,HH2062,61,F,,
2063,HH2063,57,F,,
2064,HH2064,39,F,,
2065,HH2065,56,F,,
2066,HH2066,47,F,,
2067,HH2067,60,F,,
2068,HH2068,68,F,,
2069,HH2069,46,F,,
2070,HH2070,60,F,,
2071,HH2071,55,F,,
2072,HH2072,64,F,,
2073,HH2073,45,F,,
2074,HH2074,41,F,,
2075,HH2075,78,M,,
2076,HH2076,42,F,,
2077,HH2077,54,F,,
2078,HH2078,57,F,,
2079,HH2079,55,F,,
2080,HH2080,40,F,,
2081,HH2081,44,F,,
2082,HH2082,37,F,,
2083,HH2083,27,F,,
2084,HH2084,54,F,,
2085,HH2085,48,F,,
2086,HH2086,79,M,,
2087,HH2087,71,M,,
2088,HH2088,73,F,,
2089,HH2089,70,M,,
2090,HH2090,56,F,,
2091,HH2091,40,F,,
2092,HH2092,42,F,,
2093,HH2093,47,F,,
2094,HH2094,36,M,,
2095,HH2095,73,F,,
2096,HH2096,74,F,,
2097,HH2097,74,F,,
2098,HH2098,65,F,,
2099,HH2099,50,F,,
2100,HH2100,74,M,,
2101,HH2101,79,M,,
2102,HH2102,74,M,,
2103,HH2103,39,F,,
2104,HH2104,43,F,,
2105,HH2105,46,F,,
2106,HH2106,28,F,,
2107,HH2107,67,F,,
2108,HH2108,32,F,,
2109,HH2109,22,M,,
2110,HH2110,43,F,,
2111,HH2111,42,F,,
2112,HH2112,55,F,,
2113,HH2113,24,F,,
2114,HH2114,53,F,,
2115,HH2115,42,F,,
2116,HH2116,74,M,,
2117,HH2117,63,F,,
2118,HH2118,41,F,,
2119,HH2119,24,F,,
2120,HH2120,65,F,,
2121,HH2121,53,F,,
2122,HH2122,43,F,,
2123,HH2123,55,F,,
2124,HH2124,68,F,,
2125,HH2125,62,F,,
2126,HH2126,32,F,,
2127,HH2127,31,F,,
2128,HH2128,37,F,,
2129,HH2129,60,F,,
2130,HH2130,30,F,,
2131,HH2131,42,F,,
2132,HH2132,40,F,,
2133,HH2133,66,F,,
2134,HH2134,52,F,,
2135,HH2135,47,F,,
2136,HH2136,29,F,,
2137,HH2137,58,F,,
2138,HH2138,48,F,,
2139,HH2139,58,F,,
2140,HH2140,55,F,,
2141,HH2141,52,F,,
2142,HH2142,59,F,,
2143,HH2143,51,F,,
2144,HH2144,29,F,,
2145,HH2145,67,M,,
2146,HH2146,58,M,,
2147,HH2147,35,M,,
2148,HH2148,53,M,,
2149,HH2149,71,F,,
2150,HH2150,28,F,,
2151,HH2151,48,M,,
2152,HH2152,60,M,,
2153,HH2153,33,M,,
2154,HH2154,65,F,,
2155,HH2155,55,M,,
2156,HH2156,47,F,,
2157,HH2157,30,F,,
2158,HH2158,60,F,,
2159,HH2159,88,F,,
2160,HH2160,73,M,,
2161,HH2161,57,F,,
2162,HH2162,39,F,,
2163,HH2163,42,F,,
2164,HH2164,59,F,,
2165,HH2165,44,M,,
2166,HH2166,72,M,,
2167,HH2167,57,M,,
2168,HH2168,67,F,,
2169,HH2169,60,M,,
2170,HH2170,66,F,,
2171,HH2171,33,M,,
2172,HH2172,57,F,,
2173,HH2173,51,F,,
2174,HH2174,40,F,,
2175,HH2175,43,M,,
2176,HH2176,58,F,,
2177,HH2177,69,M,,
2178,HH2178,59,F,,
2179,HH2179,57,F,,
2180,HH2180,43,M,,
2181,HH2181,51,F,,
2182,HH2182,60,F,,
2183,HH2183,61,F,,
2184,HH2184,76,M,,
2185,HH2185,57,M,,
2186,HH2186,66,F,,
2187,HH2187,51,M,,
2188,HH2188,58,M,,
2189,HH2189,57,M,,
2190,HH2190,32,M,,
2191,HH2191,38,F,,
2192,HH2192,58,M,,
2193,HH2193,47,F,,
2194,HH2194,35,M,,
2195,HH2195,64,M,,
2196,HH2196,44,F,,
2197,HH2197,72,M,,
2198,HH2198,71,M,,
2199,HH2199,67,M,,
2200,HH2200,30,M,,
2201,HH2201,37,M,,
2202,HH2202,27,F,,
2203,HH2203,24,M,,
2204,HH2204,30,M,,
2205,HH2205,30,F,,
2206,HH2206,38,M,,
2207,HH2207,25,M,,
2208,HH2208,24,M,,
2209,HH2209,32,M,,
2210,HH2210,25,F,,
2211,HH2211,84,F,,
2212,HH2212,28,M,,
2213,HH2213,75,F,,
2214,HH2214,36,F,,
2215,HH2215,74,F,,
2216,HH2216,71,M,,
2217,HH2217,72,M,,
2218,HH2218,73,M,,
2219,HH2219,72,M,,
2220,HH2220,43,F,,
2221,HH2221,56,F,,
2222,HH2222,49,F,,
2223,HH2223,46,F,,
2224,HH2224,72,F,,
2225,HH2225,55,F,,
2226,HH2226,62,F,,
2227,HH2227,54,F,,
2228,HH2228,85,M,,
2229,HH2229,68,M,,
2230,HH2230,50,F,,
2231,HH2231,32,F,,
2232,HH2232,53,M,,
2233,HH2233,52,M,,
2234,HH2234,53,M,,
2235,HH2235,47,F,,
2236,HH2236,77,M,,
2237,HH2237,36,F,,
2238,HH2238,60,F,,
2239,HH2239,65,M,,
2240,HH2240,59,F,,
2241,HH2241,58,F,,
2242,HH2242,74,F,,
2243,HH2243,42,M,,
2244,HH2244,66,F,,
2245,HH2245,43,F,,
2246,HH2246,48,F,,
2247,HH2247,47,F,,
2248,HH2248,49,F,,
2249,HH2249,53,M,,
2250,HH2250,43,F,,
2251,HH2251,64,M,,
2252,HH2252,22,F,,
2253,HH2253,35,M,,
2254,HH2254,56,M,,
2255,HH2255,39,M,,
2256,HH2256,39,M,,
2257,HH2257,52,M,,
2258,HH2258,24,M,,
2259,HH2259,56,M,,
2260,HH2260,58,M,,
2261,HH2261,68,M,,
2262,HH2262,47,M,,
2263,HH2263,46,M,,
2264,HH2264,51,M,,
2265,HH2265,38,F,,
2266,HH2266,49,F,,
2267,HH2267,63,M,,
2268,HH2268,67,M,,
2269,HH2269,86,F,,
2270,HH2270,72,M,,
2271,HH2271,66,M,,
2272,HH2272,57,M,,
2273,HH2273,46,F,,
2274,HH2274,40,M,,
2275,HH2275,61,M,,
2276,HH2276,46,F,,
2277,HH2277,57,M,,
2278,HH2278,45,F,,
2279,HH2279,44,M,,
2280,HH2280,56,M,,
2281,HH2281,58,M,,
2282,HH2282,35,F,,
2283,HH2283,49,M,,
2284,HH2284,51,F,,
2285,HH2285,55,F,,
2286,HH2286,51,M,,
2287,HH2287,56,F,,
2288,HH2288,59,M,,
2289,HH2289,23,M,,
2290,HH2290,37,M,,
2291,HH2291,43,F,,
2292,HH2292,52,M,,
2293,HH2293,61,F,,
2294,HH2294,56,F,,
2295,HH2295,58,F,,
2296,HH2296,37,F,,
2297,HH2297,53,M,,
2298,HH2298,66,M,,
2299,HH2299,56,F,,
2300,HH2300,58,M,,
2301,HH2301,60,F,,
2302,HH2302,58,F,,
2303,HH2303,46,M,,
2304,HH2304,70,F,,
2305,HH2305,48,M,,
2306,HH2306,37,M,,
2307,HH2307,70,F,,
2308,HH2308,34,M,,
2309,HH2309,71,F,,
2310,HH2310,76,M,,
2311,HH2311,39,F,,
2312,HH2312,23,F,,
2313,HH2313,29,F,,
2314,HH2314,36,F,,
2315,HH2315,28,F,,
2316,HH2316,33,M,,
2317,HH2317,21,F,,
2318,HH2318,25,F,,
2319,HH2319,38,M,,
2320,HH2320,29,F,,
2321,HH2321,56,F,,
2322,HH2322,90,F,,
2323,HH2323,48,M,,
2324,HH2324,59,F,,
2325,HH2325,41,M,,
2326,HH2326,52,M,,
2327,HH2327,71,M,,
2328,HH2328,66,F,,
2329,HH2329,69,F,,
2330,HH2330,22,M,,
2331,HH2331,69,M,,
2332,HH2332,66,M,,
2333,HH2333,60,F,,
2334,HH2334,61,F,,
2335,HH2335,39,F,,
2336,HH2336,31,F,,
2337,HH2337,37,F,,
2338,HH2338,19,F,,
2339,HH2339,23,M,,
2340,HH2340,62,M,,
2341,HH2341,59,F,,
2342,HH2342,50,M,,
2343,HH2343,43,F,,
2344,HH2344,47,M,,
2345,HH2345,52,M,,
2346,HH2346,56,M,,
2347,HH2347,53,M,,
2348,HH2348,36,F,,
2349,HH2349,47,F,,
2350,HH2350,57,F,,
2351,HH2351,40,F,,
2352,HH2352,45,M,,
2353,HH2353,55,M,,
2354,HH2354,53,F,,
2355,HH2355,76,F,,
2356,HH2356,74,F,,
2357,HH2357,55,F,,
2358,HH2358,30,F,,
2359,HH2359,74,M,,
2360,HH2360,70,M,,
2361,HH2361,46,F,,
2362,HH2362,48,M,,
2363,HH2363,22,F,,
2364,HH2364,29,F,,
2365,HH2365,22,M,,
2366,HH2366,43,F,,
2367,HH2367,74,M,,
2368,HH2368,20,M,,
2369,HH2369,49,F,,
2370,HH2370,37,M,,
2371,HH2371,61,F,,
2372,HH2372,61,M,,
2373,HH2373,59,F,,
2374,HH2374,61,M,,
2375,HH2375,44,F,,
2376,HH2376,34,M,,
2377,HH2377,50,M,,
2378,HH2378,45,M,,
2379,HH2379,33,M,,
2380,HH2380,38,F,,
2381,HH2381,58,M,,
2382,HH2382,47,F,,
2383,HH2383,37,M,,
2384,HH2384,56,F,,
2385,HH2385,50,M,,
2386,HH2386,45,M,,
2387,HH2387,51,F,,
2388,HH2388,54,F,,
2389,HH2389,43,M,,
2390,HH2390,53,F,,
2391,HH2391,48,F,,
2392,HH2392,64,M,,
2393,HH2393,53,F,,
2394,HH2394,71,F,,
2395,HH2395,38,M,,
2396,HH2396,65,M,,
2397,HH2397,31,F,,
2398,HH2398,20,M,,
2399,HH2399,66,M,,
2400,HH2400,62,F,,
2401,HH2401,40,F,,
2402,HH2402,40,F,,
2403,HH2403,40,F,,
2404,HH2404,43,F,,
2405,HH2405,58,F,,
2406,HH2406,70,M,,
2407,HH2407,77,M,,
2408,HH2408,70,M,,
2409,HH2409,73,M,,
2410,HH2410,75,M,,
2411,HH2411,70,M,,
2412,HH2412,66,F,,
2413,HH2413,55,F,,
2414,HH2414,25,M,,
2415,HH2415,44,F,,
2416,HH2416,59,F,,
2417,HH2417,69,M,,
2418,HH2418,39,F,,
2419,HH2419,24,F,,
2420,HH2420,36,F,,
2421,HH2421,46,F,,
2422,HH2422,41,M,,
2423,HH2423,44,F,,
2424,HH2424,62,F,,
2425,HH2425,50,M,,
2426,HH2426,59,M,,
2427,HH2427,26,F,,
2428,HH2428,28,M,,
2429,HH2429,60,M,,
2430,HH2430,42,F,,
2431,HH2431,50,M,,
2432,HH2432,41,M,,
2433,HH2433,63,F,,
2434,HH2434,44,M,,
2435,HH2435,36,M,,
2436,HH2436,52,F,,
2437,HH2437,76,M,,
2438,HH2438,53,M,,
2439,HH2439,46,F,,
2440,HH2440,48,F,,
2441,HH2441,45,M,,
2442,HH2442,47,M,,
2443,HH2443,74,M,,
2444,HH2444,39,M,,
2445,HH2445,55,M,,
2446,HH2446,43,F,,
2447,HH2447,63,M,,
2448,HH2448,62,F,,
2449,HH2449,59,M,,
2450,HH2450,56,F,,
2451,HH2451,70,F,,
2452,HH2452,59,F,,
2453,HH2453,22,M,,
2454,HH2454,65,F,,
2455,HH2455,43,F,,
2456,HH2456,65,M,,
2457,HH2457,28,F,,
2458,HH2458,40,M,,
2459,HH2459,56,F,,
2460,HH2460,65,M,,
2461,HH2461,58,M,,
2462,HH2462,35,F,,
2463,HH2463,28,F,,
2464,HH2464,28,F,,
2465,HH2465,59,M,,
2466,HH2466,72,F,,
2467,HH2467,80,F,,
2468,HH2468,36,F,,
2469,HH2469,53,F,,
2470,HH2470,21,F,,
2471,HH2471,72,M,,
2472,HH2472,45,F,,
2473,HH2473,70,M,,
2474,HH2474,74,F,,
2475,HH2475,33,F,,
2476,HH2476,47,M,,
2477,HH2477,57,F,,
2478,HH2478,69,F,,
2479,HH2479,29,M,,
2480,HH2480,65,M,,
2481,HH2481,59,F,,
2482,HH2482,24,M,,
2483,HH2483,28,M,,
2484,HH2484,61,M,,
2485,HH2485,3,M,,
2486,HH2486,60,F,,
2487,HH2487,47,M,,
2488,HH2488,59,M,,
2489,HH2489,10,F,,
2490,HH2490,0,M,,
2491,HH2491,47,F,,
2492,HH2492,70,F,,
2493,HH2493,51,F,,
2494,HH2494,27,F,,
2495,HH2495,76,F,,
2496,HH2496,27,M,,
2497,HH2497,31,F,,
2498,HH2498,56,F,,
2499,HH2499,6,F,,
2500,HH2500,11,M,,
2501,HH2501,12,F,,
2502,HH2502,2,F,,
2503,HH2503,42,M,,
2504,HH2504,32,F,,
2505,HH2505,66,M,,
2506,HH2506,38,F,,
2507,HH2507,65,F,,
2508,HH2508,51,F,,
2509,HH2509,49,M,,
2510,HH2510,63,M,,
2511,HH2511,33,F,,
2512,HH2512,48,F,,
2513,HH2513,63,M,,
2514,HH2514,55,M,,
2515,HH2515,34,F,,
2516,HH2516,62,F,,
2517,HH2517,39,F,,
2518,HH2518,70,F,,
2519,HH2519,65,M,,
2520,HH2520,59,F,,
2521,HH2521,39,F,,
2522,HH2522,64,F,,
2523,HH2523,31,M,,
2524,HH2524,0,M,,
2525,HH2525,2,F,,
2526,HH2526,29,M,,
2527,HH2527,56,F,,
2528,HH2528,62,M,,
2529,HH2529,21,M,,
2530,HH2530,32,F,,
2531,HH2531,57,M,,
2532,HH2532,60,F,,
2533,HH2533,53,F,,
2534,HH2534,31,M,,
2535,HH2535,45,M,,
2536,HH2536,36,F,,
2537,HH2537,59,M,,
2538,HH2538,68,F,,
2539,HH2539,32,M,,
2540,HH2540,59,M,,
2541,HH2541,23,F,,
2542,HH2542,77,M,,
2543,HH2543,72,F,,
2544,HH2544,61,F,,
2545,HH2545,72,M,,
2546,HH2546,11,M,,
2547,HH2547,17,M,,
2548,HH2548,74,M,,
2549,HH2549,53,M,,
2550,HH2550,40,F,,
2551,HH2551,10,M,,
2552,HH2552,27,M,,
2553,HH2553,18,F,,
2554,HH2554,57,F,,
2555,HH2555,59,M,,
2556,HH2556,54,M,,
2557,HH2557,8,M,,
2558,HH2558,59,F,,
2559,HH2559,40,F,,
2560,HH2560,2,M,,
2561,HH2561,74,M,,
2562,HH2562,73,M,,
2563,HH2563,73,M,,
2564,HH2564,4,M,,
2565,HH2565,50,F,,
2566,HH2566,4,M,,
2567,HH2567,66,M,,
2568,HH2568,46,M,,
2569,HH2569,52,F,,
2570,HH2570,47,M,,
2571,HH2571,57,M,,
2572,HH2572,58,M,,
2573,HH2573,55,M,,
2574,HH2574,74,F,,
2575,HH2575,29,F,,
2576,HH2576,73,M,,
2577,HH2577,72,M,,
2578,HH2578,57,M,,
2579,HH2579,75,M,,
2580,HH2580,49,M,,
2581,HH2581,78,M,,
2582,HH2582,71,M,,
2583,HH2583,39,M,,
2584,HH2584,72,M,,
2585,HH2585,69,M,,
2586,HH2586,76,F,,
2587,HH2587,72,M,,
2588,HH2588,77,M,,
2589,HH2589,39,M,,
2590,HH2590,73,M,,
2591,HH2591,61,F,,
2592,HH2592,73,F,,
2593,HH2593,69,M,,
2594,HH2594,81,M,,
2595,HH2595,36,M,,
2596,HH2596,73,M,,
2597,HH2597,72,M,,
2598,HH2598,74,M,,
2599,HH2599,65,F,,
2600,HH2600,69,M,,
2601,HH2601,71,M,,
2602,HH2602,55,M,,
2603,HH2603,52,F,,
2604,HH2604,5,M,,
2605,HH2605,78,M,,
2606,HH2606,15,F,,
2607,HH2607,25,M,,
2608,HH2608,61,M,,
2609,HH2609,6,F,,
2610,HH2610,72,F,,
2611,HH2611,51,M,,
2612,HH2612,65,M,,
2613,HH2613,41,M,,
2614,HH2614,55,F,,
2615,HH2615,1,M,,
2616,HH2616,69,M,,
2617,HH2617,6,M,,
2618,HH2618,43,M,,
2619,HH2619,79,M,,
2620,HH2620,12,M,,
2621,HH2621,74,M,,
2622,HH2622,37,M,,
2623,HH2623,68,F,,
2624,HH2624,46,M,,
2625,HH2625,46,M,,
2626,HH2626,81,M,,
2627,HH2627,80,F,,
2628,HH2628,27,F,,
2629,HH2629,39,F,,
2630,HH2630,58,M,,
2631,HH2631,25,M,,
2632,HH2632,75,F,,
2633,HH2633,72,M,,
2634,HH2634,74,M,,
2635,HH2635,29,M,,
2636,HH2636,32,M,,
2637,HH2637,77,F,,
2638,HH2638,67,F,,
2639,HH2639,14,F,,
2640,HH2640,72,M,,
2641,HH2641,64,M,,
2642,HH2642,70,F,,
2643,HH2643,83,F,,
2644,HH2644,72,M,,
2645,HH2645,74,M,,
2646,HH2646,72,F,,
2647,HH2647,72,M,,
2648,HH2648,79,F,,
2649,HH2649,70,F,,
2650,HH2650,43,F,,
2651,HH2651,52,F,,
2652,HH2652,50,F,,
2653,HH2653,56,M,,
2654,HH2654,59,F,,
2655,HH2655,57,F,,
2656,HH2656,57,M,,
2657,HH2657,71,F,,
2658,HH2658,65,M,,
2659,HH2659,71,F,,
2660,HH2660,54,F,,
2661,HH2661,72,M,,
2662,HH2662,11,M,,
2663,HH2663,31,M,,
2664,HH2664,64,M,,
2665,HH2665,12,F,,
2666,HH2666,70,M,,
2667,HH2667,21,M,,
2668,HH2668,61,F,,
2669,HH2669,51,M,,
2670,HH2670,10,M,,
2671,HH2671,68,F,,
2672,HH2672,52,F,,
2673,HH2673,73,M,,
2674,HH2674,43,M,,
2675,HH2675,75,M,,
2676,HH2676,58,M,,
2677,HH2677,49,M,,
2678,HH2678,70,F,,
2679,HH2679,74,F,,
2680,HH2680,71,M,,
2681,HH2681,70,F,,
2682,HH2682,3,M,,
2683,HH2683,74,M,,
2684,HH2684,24,F,,
2685,HH2685,59,M,,
2686,HH2686,45,F,,
2687,HH2687,56,M,,
2688,HH2688,45,M,,
2689,HH2689,59,M,,
2690,HH2690,55,M,,
2691,HH2691,75,F,,
2692,HH2692,48,F,,
2693,HH2693,54,M,,
2694,HH2694,73,M,,
2695,HH2695,14,F,,
2696,HH2696,74,F,,
2697,HH2697,30,M,,
2698,HH2698,71,F,,
2699,HH2699,32,M,,
2700,HH2700,34,M,,
2701,HH2701,71,M,,
2702,HH2702,73,M,,
2703,HH2703,75,F,,
2704,HH2704,43,M,,
2705,HH2705,80,F,,
2706,HH2706,43,F,,
2707,HH2707,52,M,,
2708,HH2708,41,M,,
2709,HH2709,65,F,,
2710,HH2710,47,F,,
2711,HH2711,44,M,,
2712,HH2712,52,M,,
2713,HH2713,38,M,,
2714,HH2714,67,F,,
2715,HH2715,80,M,,
2716,HH2716,55,F,,
2717,HH2717,59,M,,
2718,HH2718,53,F,,
2719,HH2719,80,M,,
2720,HH2720,76,F,,
2721,HH2721,62,M,,
2722,HH2722,15,M,,
2723,HH2723,7,M,,
2724,HH2724,59,M,,
2725,HH2725,58,F,,
2726,HH2726,47,F,,
2727,HH2727,79,F,,
2728,HH2728,35,F,,
2729,HH2729,52,M,,
2730,HH2730,76,F,,
2731,HH2731,58,M,,
2732,HH2732,40,M,,
2733,HH2733,74,M,,
2734,HH2734,31,M,,
2735,HH2735,81,M,,
2736,HH2736,61,F,,
2737,HH2737,58,F,,
2738,HH2738,2,M,,
2739,HH2739,73,M,,
2740,HH2740,76,F,,
2741,HH2741,17,M,,
2742,HH2742,37,F,,
2743,HH2743,82,M,,
2744,HH2744,56,M,,
2745,HH2745,53,F,,
2746,HH2746,39,F,,
2747,HH2747,78,F,,
2748,HH2748,71,F,,
2749,HH2749,57,M,,
2750,HH2750,67,M,,
2751,HH2751,52,M,,
2752,HH2752,45,M,,
2753,HH2753,49,M,,
2754,HH2754,53,F,,
2755,HH2755,50,M,,
2756,HH2756,17,F,,
2757,HH2757,57,F,,
2758,HH2758,17,F,,
2759,HH2759,72,M,,
2760,HH2760,48,F,,
2761,HH2761,32,M,,
2762,HH2762,55,F,,
2763,HH2763,64,F,,
2764,HH2764,54,M,,
2765,HH2765,55,M,,
2766,HH2766,68,M,,
2767,HH2767,54,M,,
2768,HH2768,57,F,,
2769,HH2769,16,M,,
2770,HH2770,43,M,,
2771,HH2771,54,F,,
2772,HH2772,38,M,,
2773,HH2773,40,F,,
2774,HH2774,61,F,,
2775,HH2775,70,M,,
2776,HH2776,71,M,,
2777,HH2777,60,M,,
2778,HH2778,59,M,,
2779,HH2779,50,M,,
2780,HH2780,46,M,,
2781,HH2781,57,M,,
2782,HH2782,80,M,,
2783,HH2783,35,F,,
2784,HH2784,74,M,,
2785,HH2785,73,F,,
2786,HH2786,44,F,,
2787,HH2787,46,F,,
2788,HH2788,83,M,,
2789,HH2789,58,F,,
2790,HH2790,37,M,,
2791,HH2791,28,F,,
2792,HH2792,48,F,,
2793,HH2793,39,F,,
2794,HH2794,18,M,,
2795,HH2795,64,M,,
2796,HH2796,28,F,,
2797,HH2797,74,F,,
2798,HH2798,72,M,,
2799,HH2799,40,F,,
2800,HH2800,28,F,,
2801,HH2801,73,F,,
2802,HH2802,36,M,,
2803,HH2803,50,F,,
2804,HH2804,58,F,,
2805,HH2805,59,F,,
2806,HH2806,72,M,,
2807,HH2807,54,M,,
2808,HH2808,35,F,,
2809,HH2809,40,F,,
2810,HH2810,63,M,,
2811,HH2811,73,F,,
2812,HH2812,37,F,,
2813,HH2813,75,M,,
2814,HH2814,31,F,,
2815,HH2815,38,F,,
2816,HH2816,55,M,,
2817,HH2817,37,F,,
2818,HH2818,54,F,,
2819,HH2819,72,F,,
2820,HH2820,74,F,,
2821,HH2821,64,F,,
2822,HH2822,38,F,,
2823,HH2823,38,F,,
2824,HH2824,85,F,,
2825,HH2825,34,F,,
2826,HH2826,63,M,,
2827,HH2827,75,M,,
2828,HH2828,69,F,,
2829,HH2829,44,M,,
2830,HH2830,42,M,,
2831,HH2831,53,F,,
2832,HH2832,29,F,,
2833,HH2833,75,M,,
2834,HH2834,55,F,,
2835,HH2835,71,F,,
2836,HH2836,70,F,,
2837,HH2837,70,F,,
2838,HH2838,72,M,,
2839,HH2839,1,F,,
2840,HH2840,77,M,,
2841,HH2841,75,F,,
2842,HH2842,61,M,,
2843,HH2843,47,M,,
2844,HH2844,73,F,,
2845,HH2845,49,F,,
2846,HH2846,76,M,,
2847,HH2847,72,M,,
2848,HH2848,77,F,,
2849,HH2849,67,F,,
2850,HH2850,71,F,,
2851,HH2851,26,F,,
2852,HH2852,17,F,,
2853,HH2853,58,F,,
2854,HH2854,73,M,,
2855,HH2855,78,M,,
2856,HH2856,51,F,,
2857,HH2857,58,M,,
2858,HH2858,41,F,,
2859,HH2859,66,M,,
2860,HH2860,41,F,,
2861,HH2861,27,F,,
2862,HH2862,25,F,,
2863,HH2863,52,M,,
2864,HH2864,54,M,,
2865,HH2865,52,M,,
2866,HH2866,51,F,,
2867,HH2867,64,M,,
2868,HH2868,58,M,,
2869,HH2869,53,M,,
2870,HH2870,47,F,,
2871,HH2871,44,F,,
2872,HH2872,63,F,,
2873,HH2873,47,F,,
2874,HH2874,28,F,,
2875,HH2875,50,F,,
2876,HH2876,31,F,,
2877,HH2877,73,F,,
2878,HH2878,54,F,,
2879,HH2879,47,M,,
2880,HH2880,62,F,,
2881,HH2881,35,F,,
2882,HH2882,27,F,,
2883,HH2883,33,M,,
2884,HH2884,71,M,,
2885,HH2885,74,M,,
2886,HH2886,73,F,,
2887,HH2887,62,M,,
2888,HH2888,44,M,,
2889,HH2889,71,F,,
2890,HH2890,46,F,,
2891,HH2891,61,F,,
2892,HH2892,69,F,,
2893,HH2893,33,M,,
2894,HH2894,73,F,,
2895,HH2895,64,M,,
2896,HH2896,70,M,,
2897,HH2897,32,M,,
2898,HH2898,40,M,,
2899,HH2899,29,M,,
2900,HH2900,50,M,,
2901,HH2901,17,F,,
2902,HH2902,55,F,,
2903,HH2903,43,F,,
2904,HH2904,79,M,,
2905,HH2905,64,M,,
2906,HH2906,53,F,,
2907,HH2907,58,M,,
2908,HH2908,81,F,,
2909,HH2909,62,F,,
2910,HH2910,76,F,,
2911,HH2911,65,F,,
2912,HH2912,81,F,,
2913,HH2913,71,F,,
2914,HH2914,63,M,,
2915,HH2915,40,F,,
2916,HH2916,26,F,,
2917,HH2917,75,F,,
2918,HH2918,75,F,,
2919,HH2919,70,M,,
2920,HH2920,64,F,,
2921,HH2921,39,F,,
2922,HH2922,44,M,,
2923,HH2923,82,F,,
2924,HH2924,64,F,,
2925,HH2925,74,M,,
2926,HH2926,43,F,,
2927,HH2927,71,M,,
2928,HH2928,36,F,,
2929,HH2929,75,F,,
2930,HH2930,73,M,,
2931,HH2931,57,F,,
2932,HH2932,85,F,,
2933,HH2933,48,F,,
2934,HH2934,52,F,,
2935,HH2935,28,F,,
2936,HH2936,71,F,,
2937,HH2937,72,M,,
2938,HH2938,51,F,,
2939,HH2939,1,M,,
2940,HH2940,32,F,,
2941,HH2941,42,F,,
2942,HH2942,40,M,,
2943,HH2943,55,M,,
2944,HH2944,36,M,,
2945,HH2945,64,M,,
2946,HH2946,80,M,,
2947,HH2947,16,F,,
2948,HH2948,69,M,,
2949,HH2949,59,M,,
2950,HH2950,76,M,,
2951,HH2951,17,M,,
2952,HH2952,48,M,,
2953,HH2953,65,M,,
2954,HH2954,53,F,,
2955,HH2955,29,F,,
2956,HH2956,29,F,,
2957,HH2957,49,F,,
2958,HH2958,26,M,,
2959,HH2959,84,F,,
2960,HH2960,33,M,,
2961,HH2961,54,F,,
2962,HH2962,61,F,,
2963,HH2963,54,M,,
2964,HH2964,37,F,,
2965,HH2965,47,M,,
2966,HH2966,73,M,,
2967,HH2967,8,F,,
2968,HH2968,21,F,,
2969,HH2969,19,M,,
2970,HH2970,55,F,,
2971,HH2971,8,F,,
2972,HH2972,59,M,,
2973,HH2973,36,F,,
2974,HH2974,39,F,,
2975,HH2975,36,F,,
2976,HH2976,12,M,,
2977,HH2977,43,F,,
2978,HH2978,80,F,,
2979,HH2979,75,M,,
2980,HH2980,57,F,,
2981,HH2981,59,M,,
2982,HH2982,0,F,,
2983,HH2983,77,F,,
2984,HH2984,57,F,,
2985,HH2985,59,M,,
2986,HH2986,4,M,,
2987,HH2987,76,F,,
2988,HH2988,10,F,,
2989,HH2989,69,M,,
2990,HH2990,71,F,,
2991,HH2991,65,F,,
2992,HH2992,71,F,,
2993,HH2993,62,M,,
2994,HH2994,58,F,,
2995,HH2995,63,F,,
2996,HH2996,58,F,,
2997,HH2997,63,F,,
2998,HH2998,76,M,,
2999,HH2999,50,M,,
3000,HH3000,3,F,,
3001,HH3001,37,F,,
3002,HH3002,39,M,,
3003,HH3003,61,M,,
3004,HH3004,38,M,,
3005,HH3005,63,F,,
3006,HH3006,61,F,,
3007,HH3007,61,M,,
3008,HH3008,62,F,,
3009,HH3009,61,F,,
3010,HH3010,62,F,,
3011,HH3011,45,M,,
3012,HH3012,72,M,,
3013,HH3013,59,F,,
3014,HH3014,29,M,,
3015,HH3015,2,M,,
3016,HH3016,66,M,,
3017,HH3017,13,F,,
3018,HH3018,26,F,,
3019,HH3019,57,F,,
3020,HH3020,60,F,,
3021,HH3021,67,M,,
3022,HH3022,23,M,,
3023,HH3023,54,M,,
3024,HH3024,21,F,,
3025,HH3025,82,F,,
3026,HH3026,4,F,,
3027,HH3027,39,F,,
3028,HH3028,37,M,,
3029,HH3029,38,F,,
3030,HH3030,40,F,,
3031,HH3031,47,M,,
3032,HH3032,11,M,,
3033,HH3033,12,F,,
3034,HH3034,70,M,,
3035,HH3035,58,M,,
3036,HH3036,45,M,,
3037,HH3037,48,M,,
3038,HH3038,35,M,,
3039,HH3039,80,M,,
3040,HH3040,48,F,,
3041,HH3041,51,M,,
3042,HH3042,12,M,,
3043,HH3043,77,M,,
3044,HH3044,48,F,,
3045,HH3045,73,F,,
3046,HH3046,56,M,,
3047,HH3047,48,F,,
3048,HH3048,7,M,,
3049,HH3049,74,M,,
3050,HH3050,38,M,,
3051,HH3051,32,F,,
3052,HH3052,70,M,,
3053,HH3053,79,M,,
3054,HH3054,73,F,,
3055,HH3055,75,M,,
3056,HH3056,70,M,,
3057,HH3057,71,F,,
3058,HH3058,74,F,,
3059,HH3059,54,M,,
3060,HH3060,64,F,,
3061,HH3061,66,F,,
3062,HH3062,63,F,,
3063,HH3063,43,F,,
3064,HH3064,59,M,,
3065,HH3065,49,M,,
3066,HH3066,50,M,,
3067,HH3067,39,M,,
3068,HH3068,56,M,,
3069,HH3069,70,F,,
3070,HH3070,49,F,,
3071,HH3071,9,M,,
3072,HH3072,32,M,,
3073,HH3073,71,M,,
3074,HH3074,35,F,,
3075,HH3075,64,M,,
3076,HH3076,72,F,,
3077,HH3077,56,F,,
3078,HH3078,27,F,,
3079,HH3079,73,M,,
3080,HH3080,30,F,,
3081,HH3081,37,F,,
3082,HH3082,77,M,,
3083,HH3083,25,M,,
3084,HH3084,21,F,,
3085,HH3085,36,M,,
3086,HH3086,64,F,,
3087,HH3087,8,F,,
3088,HH3088,84,M,,
3089,HH3089,71,M,,
3090,HH3090,65,F,,
3091,HH3091,65,M,,
3092,HH3092,75,F,,
3093,HH3093,57,F,,
3094,HH3094,20,F,,
3095,HH3095,49,M,,
3096,HH3096,57,F,,
3097,HH3097,76,M,,
3098,HH3098,60,F,,
3099,HH3099,7,M,,
3100,HH3100,54,F,,
3101,HH3101,11,M,,
3102,HH3102,1,F,,
3103,HH3103,49,F,,
3104,HH3104,57,F,,
3105,HH3105,69,F,,
3106,HH3106,76,F,,
3107,HH3107,73,F,,
3108,HH3108,14,F,,
3109,HH3109,72,F,,
3110,HH3110,54,M,,
3111,HH3111,39,M,,
3112,HH3112,51,M,,
3113,HH3113,58,M,,
3114,HH3114,64,F,,
3115,HH3115,75,F,,
3116,HH3116,73,M,,
3117,HH3117,71,M,,
3118,HH3118,50,F,,
3119,HH3119,61,M,,
3120,HH3120,77,M,,
3121,HH3121,76,M,,
3122,HH3122,74,F,,
3123,HH3123,59,F,,
3124,HH3124,70,M,,
3125,HH3125,46,F,,
3126,HH3126,61,M,,
3127,HH3127,81,F,,
3128,HH3128,58,M,,
3129,HH3129,46,F,,
3130,HH3130,60,F,,
3131,HH3131,77,M,,
3132,HH3132,65,M,,
3133,HH3133,64,F,,
3134,HH3134,57,F,,
3135,HH3135,57,F,,
3136,HH3136,46,F,,
3137,HH3137,53,F,,
3138,HH3138,59,F,,
3139,HH3139,75,M,,
3140,HH3140,31,M,,
3141,HH3141,60,M,,
3142,HH3142,68,M,,
3143,HH3143,73,M,,
3144,HH3144,37,F,,
3145,HH3145,73,M,,
3146,HH3146,77,M,,
3147,HH3147,46,M,,
3148,HH3148,59,F,,
3149,HH3149,74,M,,
3150,HH3150,59,M,,
3151,HH3151,52,M,,
3152,HH3152,37,F,,
3153,HH3153,65,M,,
3154,HH3154,54,M,,
3155,HH3155,78,M,,
3156,HH3156,54,F,,
3157,HH3157,65,M,,
3158,HH3158,6,M,,
3159,HH3159,44,F,,
3160,HH3160,10,M,,
3161,HH3161,46,M,,
3162,HH3162,28,M,,
3163,HH3163,52,M,,
3164,HH3164,71,M,,
3165,HH3165,72,M,,
3166,HH3166,33,M,,
3167,HH3167,73,M,,
3168,HH3168,10,M,,
3169,HH3169,60,F,,
3170,HH3170,24,F,,
3171,HH3171,4,F,,
3172,HH3172,42,M,,
3173,HH3173,37,F,,
3174,HH3174,53,M,,
3175,HH3175,68,M,,
3176,HH3176,23,F,,
3177,HH3177,28,F,,
3178,HH3178,77,M,,
3179,HH3179,78,M,,
3180,HH3180,23,F,,
3181,HH3181,70,M,,
3182,HH3182,5,F,,
3183,HH3183,40,F,,
3184,HH3184,37,F,,
3185,HH3185,57,F,,
3186,HH3186,54,F,,
3187,HH3187,26,F,,
3188,HH3188,72,M,,
3189,HH3189,59,M,,
3190,HH3190,33,M,,
3191,HH3191,3,M,,
3192,HH3192,55,M,,
3193,HH3193,29,F,,
3194,HH3194,45,M,,
3195,HH3195,58,M,,
3196,HH3196,62,M,,
3197,HH3197,56,F,,
3198,HH3198,62,M,,
3199,HH3199,66,M,,
3200,HH3200,74,F,,
3201,HH3201,43,M,,
3202,HH3202,72,M,,
3203,HH3203,30,F,,
3204,HH3204,51,M,,
3205,HH3205,56,F,,
3206,HH3206,49,F,,
3207,HH3207,67,F,,
3208,HH3208,62,F,,
3209,HH3209,48,F,,
3210,HH3210,48,F,,
3211,HH3211,36,F,,
3212,HH3212,55,F,,
3213,HH3213,63,F,,
3214,HH3214,63,F,,
3215,HH3215,45,M,,
3216,HH3216,45,F,,
3217,HH3217,72,F,,
3218,HH3218,47,M,,
3219,HH3219,47,M,,
3220,HH3220,58,M,,
3221,HH3221,74,F,,
3222,HH3222,71,M,,
3223,HH3223,57,F,,
3224,HH3224,59,F,,
3225,HH3225,51,M,,
3226,HH3226,45,M,,
3227,HH3227,61,F,,
3228,HH3228,46,M,,
3229,HH3229,77,M,,
3230,HH3230,56,M,,
3231,HH3231,52,F,,
3232,HH3232,76,F,,
3233,HH3233,30,M,,
3234,HH3234,48,M,,
3235,HH3235,42,M,,
3236,HH3236,54,F,,
3237,HH3237,57,F,,
3238,HH3238,61,M,,
3239,HH3239,33,F,,
3240,HH3240,62,F,,
3241,HH3241,76,M,,
3242,HH3242,38,F,,
3243,HH3243,77,M,,
3244,HH3244,51,F,,
3245,HH3245,80,M,,
3246,HH3246,36,F,,
3247,HH3247,81,F,,
3248,HH3248,59,F,,
3249,HH3249,71,M,,
3250,HH3250,60,F,,
3251,HH3251,72,M,,
3252,HH3252,31,M,,
3253,HH3253,61,M,,
3254,HH3254,59,M,,
3255,HH3255,76,F,,
3256,HH3256,71,M,,
3257,HH3257,77,F,,
3258,HH3258,29,M,,
3259,HH3259,23,F,,
3260,HH3260,79,M,,
3261,HH3261,61,F,,
3262,HH3262,62,F,,
3263,HH3263,60,F,,
3264,HH3264,70,F,,
3265,HH3265,62,F,,
3266,HH3266,65,F,,
3267,HH3267,60,F,,
3268,HH3268,63,F,,
3269,HH3269,69,F,,
3270,HH3270,70,F,,
3271,HH3271,69,F,,
3272,HH3272,64,F,,
3273,HH3273,59,M,,
3274,HH3274,75,F,,
3275,HH3275,37,F,,
3276,HH3276,77,M,,
3277,HH3277,61,M,,
3278,HH3278,66,F,,
3279,HH3279,62,F,,
3280,HH3280,83,M,,
3281,HH3281,38,M,,
3282,HH3282,60,M,,
3283,HH3283,52,M,,
3284,HH3284,53,M,,
3285,HH3285,52,F,,
3286,HH3286,74,F,,
3287,HH3287,29,F,,
3288,HH3288,42,F,,
3289,HH3289,39,M,,
3290,HH3290,59,F,,
3291,HH3291,52,F,,
3292,HH3292,42,F,,
3293,HH3293,43,M,,
3294,HH3294,48,F,,
3295,HH3295,49,M,,
3296,HH3296,45,M,,
3297,HH3297,72,M,,
3298,HH3298,33,M,,
3299,HH3299,68,F,,
3300,HH3300,34,M,,
3301,HH3301,49,F,,
3302,HH3302,70,M,,
3303,HH3303,54,M,,
3304,HH3304,58,M,,
3305,HH3305,70,M,,
3306,HH3306,58,M,,
3307,HH3307,31,F,,
3308,HH3308,73,F,,
3309,HH3309,58,F,,
3310,HH3310,47,F,,
3311,HH3311,76,M,,
3312,HH3312,35,M,,
3313,HH3313,48,M,,
3314,HH3314,36,M,,
3315,HH3315,29,F,,
3316,HH3316,64,M,,
3317,HH3317,40,M,,
3318,HH3318,59,M,,
3319,HH3319,32,M,,
3320,HH3320,51,F,,
3321,HH3321,30,M,,
3322,HH3322,58,M,,
3323,HH3323,66,M,,
3324,HH3324,72,M,,
3325,HH3325,25,F,,
3326,HH3326,74,M,,
3327,HH3327,77,F,,
3328,HH3328,82,M,,
3329,HH3329,65,M,,
3330,HH3330,75,M,,
3331,HH3331,77,M,,
3332,HH3332,67,M,,
3333,HH3333,51,M,,
3334,HH3334,53,F,,
3335,HH3335,65,F,,
3336,HH3336,58,M,,
3337,HH3337,52,F,,
3338,HH3338,43,M,,
3339,HH3339,41,M,,
3340,HH3340,37,F,,
3341,HH3341,74,M,,
3342,HH3342,62,M,,
3343,HH3343,66,M,,
3344,HH3344,82,F,,
3345,HH3345,50,F,,
3346,HH3346,54,M,,
3347,HH3347,79,M,,
3348,HH3348,36,F,,
3349,HH3349,36,M,,
3350,HH3350,75,M,,
3351,HH3351,61,F,,
3352,HH3352,68,F,,
3353,HH3353,44,F,,
3354,HH3354,56,F,,
3355,HH3355,43,M,,
3356,HH3356,48,F,,
3357,HH3357,48,F,,
3358,HH3358,45,F,,
3359,HH3359,41,M,,
3360,HH3360,67,F,,
3361,HH3361,31,F,,
3362,HH3362,49,M,,
3363,HH3363,62,F,,
3364,HH3364,39,M,,
3365,HH3365,71,M,,
3366,HH3366,48,M,,
3367,HH3367,41,F,,
3368,HH3368,48,M,,
3369,HH3369,72,M,,
3370,HH3370,29,F,,
3371,HH3371,71,M,,
3372,HH3372,66,M,,
3373,HH3373,35,M,,
3374,HH3374,60,F,,
3375,HH3375,52,F,,
3376,HH3376,51,F,,
3377,HH3377,61,F,,
3378,HH3378,73,F,,
3379,HH3379,60,F,,
3380,HH3380,36,F,,
3381,HH3381,23,F,,
3382,HH3382,41,M,,
3383,HH3383,50,F,,
3384,HH3384,41,M,,
3385,HH3385,34,F,,
3386,HH3386,30,F,,
3387,HH3387,57,F,,
3388,HH3388,52,F,,
3389,HH3389,65,F,,
3390,HH3390,54,M,,
3391,HH3391,40,F,,
3392,HH3392,50,M,,
3393,HH3393,75,M,,
3394,HH3394,60,F,,
3395,HH3395,74,M,,
3396,HH3396,62,M,,
3397,HH3397,77,M,,
3398,HH3398,3,M,,
3399,HH3399,33,F,,
3400,HH3400,16,M,,
3401,HH3401,22,M,,
3402,HH3402,51,M,,
3403,HH3403,45,M,,
3404,HH3404,34,M,,
3405,HH3405,57,M,,
3406,HH3406,53,M,,
3407,HH3407,75,F,,
3408,HH3408,14,M,,
3409,HH3409,38,M,,
3410,HH3410,67,M,,
3411,HH3411,11,F,,
3412,HH3412,39,M,,
3413,HH3413,9,F,,
3414,HH3414,40,M,,
3415,HH3415,40,M,,
3416,HH3416,70,F,,
3417,HH3417,36,M,,
3418,HH3418,41,F,,
3419,HH3419,57,M,,
3420,HH3420,13,M,,
3421,HH3421,55,M,,
3422,HH3422,64,F,,
3423,HH3423,16,M,,
3424,HH3424,72,F,,
3425,HH3425,43,M,,
3426,HH3426,41,F,,
3427,HH3427,42,F,,
3428,HH3428,2,M,,
3429,HH3429,65,F,,
3430,HH3430,53,F,,
3431,HH3431,74,M,,
3432,HH3432,46,M,,
3433,HH3433,50,F,,
3434,HH3434,72,F,,
3435,HH3435,63,M,,
3436,HH3436,33,F,,
3437,HH3437,70,F,,
3438,HH3438,5,F,,
3439,HH3439,14,M,,
3440,HH3440,61,F,,
3441,HH3441,62,M,,
3442,HH3442,6,M,,
3443,HH3443,55,M,,
3444,HH3444,53,M,,
3445,HH3445,52,M,,
3446,HH3446,46,F,,
3447,HH3447,61,M,,
3448,HH3448,53,F,,
3449,HH3449,52,M,,
3450,HH3450,53,M,,
3451,HH3451,16,F,,
3452,HH3452,9,M,,
3453,HH3453,33,M,,
3454,HH3454,39,M,,
3455,HH3455,12,F,,
3456,HH3456,6,F,,
3457,HH3457,15,M,,
3458,HH3458,50,M,,
3459,HH3459,37,F,,
3460,HH3460,62,M,,
3461,HH3461,60,M,,
3462,HH3462,9,M,,
3463,HH3463,74,F,,
3464,HH3464,9,M,,
3465,HH3465,22,F,,
3466,HH3466,15,M,,
3467,HH3467,70,F,,
3468,HH3468,42,F,,
3469,HH3469,38,F,,
3470,HH3470,72,F,,
3471,HH3471,38,F,,
3472,HH3472,39,M,,
3473,HH3473,28,M,,
3474,HH3474,31,M,,
3475,HH3475,8,F,,
3476,HH3476,59,F,,
3477,HH3477,5,F,,
3478,HH3478,49,F,,
3479,HH3479,79,F,,
3480,HH3480,48,F,,
3481,HH3481,52,M,,
3482,HH3482,26,F,,
3483,HH3483,32,M,,
3484,HH3484,51,M,,
3485,HH3485,37,F,,
3486,HH3486,16,F,,
3487,HH3487,47,M,,
3488,HH3488,59,M,,
3489,HH3489,52,F,,
3490,HH3490,62,F,,
3491,HH3491,9,M,,
3492,HH3492,46,F,,
3493,HH3493,60,M,,
3494,HH3494,37,F,,
3495,HH3495,27,M,,
3496,HH3496,53,M,,
3497,HH3497,40,M,,
3498,HH3498,38,F,,
3499,HH3499,67,M,,
3500,HH3500,75,M,,
3501,HH3501,46,M,,
3502,HH3502,83,F,,
3503,HH3503,74,M,,
3504,HH3504,71,F,,
3505,HH3505,67,F,,
3506,HH3506,64,F,,
3507,HH3507,62,F,,
3508,HH3508,61,F,,
3509,HH3509,26,M,,
3510,HH3510,28,M,,
3511,HH3511,71,M,,
3512,HH3512,13,M,,
3513,HH3513,73,M,,
3514,HH3514,73,M,,
3515,HH3515,70,M,,
3516,HH3516,71,M,,
3517,HH3517,62,M,,
3518,HH3518,60,F,,
3519,HH3519,65,F,,
3520,HH3520,26,F,,
3521,HH3521,16,M,,
3522,HH3522,41,M,,
3523,HH3523,61,M,,
3524,HH3524,72,F,,
3525,HH3525,51,M,,
3526,HH3526,72,F,,
3527,HH3527,51,M,,
3528,HH3528,37,F,,
3529,HH3529,58,F,,
3530,HH3530,49,F,,
3531,HH3531,31,M,,
3532,HH3532,50,F,,
3533,HH3533,72,F,,
3534,HH3534,53,M,,
3535,HH3535,70,F,,
3536,HH3536,33,F,,
3537,HH3537,22,F,,
3538,HH3538,34,M,,
3539,HH3539,26,M,,
3540,HH3540,54,F,,
3541,HH3541,85,F,,
3542,HH3542,71,M,,
3543,HH3543,58,F,,
3544,HH3544,42,F,,
3545,HH3545,70,M,,
3546,HH3546,49,F,,
3547,HH3547,52,M,,
3548,HH3548,16,M,,
3549,HH3549,44,F,,
3550,HH3550,58,M,,
3551,HH3551,58,M,,
3552,HH3552,27,M,,
3553,HH3553,5,F,,
3554,HH3554,74,F,,
3555,HH3555,61,F,,
3556,HH3556,56,M,,
3557,HH3557,33,F,,
3558,HH3558,44,M,,
3559,HH3559,41,F,,
3560,HH3560,60,F,,
3561,HH3561,82,M,,
3562,HH3562,76,M,,
3563,HH3563,64,F,,
3564,HH3564,73,M,,
3565,HH3565,70,M,,
3566,HH3566,72,M,,
3567,HH3567,24,F,,
3568,HH3568,20,M,,
3569,HH3569,47,F,,
3570,HH3570,25,M,,
3571,HH3571,22,F,,
3572,HH3572,52,F,,
3573,HH3573,6,M,,
3574,HH3574,64,F,,
3575,HH3575,58,F,,
3576,HH3576,37,F,,
3577,HH3577,21,F,,
3578,HH3578,67,M,,
3579,HH3579,13,F,,
3580,HH3580,22,F,,
3581,HH3581,74,F,,
3582,HH3582,74,M,,
3583,HH3583,48,M,,
3584,HH3584,48,F,,
3585,HH3585,48,F,,
3586,HH3586,72,M,,
3587,HH3587,25,F,,
3588,HH3588,74,M,,
3589,HH3589,41,M,,
3590,HH3590,16,M,,
3591,HH3591,35,F,,
3592,HH3592,59,F,,
3593,HH3593,38,M,,
3594,HH3594,57,M,,
3595,HH3595,15,M,,
3596,HH3596,62,M,,
3597,HH3597,48,M,,
3598,HH3598,34,F,,
3599,HH3599,7,M,,
3600,HH3600,70,M,,
3601,HH3601,28,M,,
3602,HH3602,50,M,,
3603,HH3603,71,M,,
3604,HH3604,55,F,,
3605,HH3605,45,M,,
3606,HH3606,53,M,,
3607,HH3607,40,F,,
3608,HH3608,33,F,,
3609,HH3609,33,F,,
3610,HH3610,74,F,,
3611,HH3611,84,M,,
3612,HH3612,65,F,,
3613,HH3613,73,F,,
3614,HH3614,53,F,,
3615,HH3615,64,F,,
3616,HH3616,47,M,,
3617,HH3617,58,F,,
3618,HH3618,28,F,,
3619,HH3619,34,F,,
3620,HH3620,75,M,,
3621,HH3621,44,M,,
3622,HH3622,39,F,,
3623,HH3623,75,F,,
3624,HH3624,38,F,,
3625,HH3625,22,M,,
3626,HH3626,45,F,,
3627,HH3627,66,M,,
3628,HH3628,74,M,,
3629,HH3629,53,F,,
3630,HH3630,64,F,,
3631,HH3631,48,M,,
3632,HH3632,40,F,,
3633,HH3633,44,F,,
3634,HH3634,45,M,,
3635,HH3635,30,M,,
3636,HH3636,57,M,,
3637,HH3637,54,M,,
3638,HH3638,59,F,,
3639,HH3639,56,F,,
3640,HH3640,47,F,,
3641,HH3641,69,M,,
3642,HH3642,66,M,,
3643,HH3643,65,F,,
3644,HH3644,51,M,,
3645,HH3645,59,F,,
3646,HH3646,42,F,,
3647,HH3647,38,F,,
3648,HH3648,44,F,,
3649,HH3649,70,F,,
3650,HH3650,68,M,,
3651,HH3651,60,M,,
3652,HH3652,75,F,,
3653,HH3653,79,M,,
3654,HH3654,35,F,,
3655,HH3655,64,F,,
3656,HH3656,71,M,,
3657,HH3657,37,F,,
3658,HH3658,52,F,,
3659,HH3659,54,M,,
3660,HH3660,62,M,,
3661,HH3661,36,M,,
3662,HH3662,70,F,,
3663,HH3663,63,F,,
3664,HH3664,4,F,,
3665,HH3665,42,F,,
3666,HH3666,57,F,,
3667,HH3667,30,F,,
3668,HH3668,76,F,,
3669,HH3669,39,F,,
3670,HH3670,7,F,,
3671,HH3671,82,M,,
3672,HH3672,9,F,,
3673,HH3673,76,M,,
3674,HH3674,72,F,,
3675,HH3675,6,M,,
3676,HH3676,30,M,,
3677,HH3677,71,F,,
3678,HH3678,77,M,,
3679,HH3679,55,F,,
3680,HH3680,30,F,,
3681,HH3681,53,F,,
3682,HH3682,73,F,,
3683,HH3683,54,M,,
3684,HH3684,56,F,,
3685,HH3685,45,M,,
3686,HH3686,35,F,,
3687,HH3687,56,M,,
3688,HH3688,60,F,,
3689,HH3689,3,M,,
3690,HH3690,45,M,,
3691,HH3691,60,F,,
3692,HH3692,20,M,,
3693,HH3693,75,M,,
3694,HH3694,82,M,,
3695,HH3695,82,M,,
3696,HH3696,76,M,,
3697,HH3697,39,M,,
3698,HH3698,58,M,,
3699,HH3699,9,F,,
3700,HH3700,51,M,,
3701,HH3701,54,M,,
3702,HH3702,75,M,,
3703,HH3703,52,F,,
3704,HH3704,58,F,,
3705,HH3705,62,F,,
3706,HH3706,59,M,,
3707,HH3707,30,F,,
3708,HH3708,46,M,,
3709,HH3709,71,M,,
3710,HH3710,67,M,,
3711,HH3711,41,M,,
3712,HH3712,52,F,,
3713,HH3713,41,M,,
3714,HH3714,51,M,,
3715,HH3715,43,M,,
3716,HH3716,38,M,,
3717,HH3717,31,M,,
3718,HH3718,52,M,,
3719,HH3719,60,M,,
3720,HH3720,71,M,,
3721,HH3721,10,F,,
3722,HH3722,43,F,,
3723,HH3723,33,F,,
3724,HH3724,71,F,,
3725,HH3725,64,M,,
3726,HH3726,5,F,,
3727,HH3727,67,F,,
3728,HH3728,70,M,,
3729,HH3729,46,F,,
3730,HH3730,1,F,,
3731,HH3731,51,F,,
3732,HH3732,67,M,,
3733,HH3733,53,M,,
3734,HH3734,29,M,,
3735,HH3735,56,M,,
3736,HH3736,39,M,,
3737,HH3737,76,M,,
3738,HH3738,22,F,,
3739,HH3739,33,F,,
3740,HH3740,45,F,,
3741,HH3741,44,M,,
3742,HH3742,64,F,,
3743,HH3743,51,M,,
3744,HH3744,78,M,,
3745,HH3745,49,F,,
3746,HH3746,64,F,,
3747,HH3747,65,M,,
3748,HH3748,76,M,,
3749,HH3749,33,F,,
3750,HH3750,45,F,,
3751,HH3751,62,F,,
3752,HH3752,76,F,,
3753,HH3753,24,M,,
3754,HH3754,66,F,,
3755,HH3755,79,M,,
3756,HH3756,28,M,,
3757,HH3757,45,M,,
3758,HH3758,24,F,,
3759,HH3759,66,M,,
3760,HH3760,68,M,,
3761,HH3761,11,F,,
3762,HH3762,63,F,,
3763,HH3763,69,M,,
3764,HH3764,51,M,,
3765,HH3765,17,M,,
3766,HH3766,10,F,,
3767,HH3767,58,M,,
3768,HH3768,59,F,,
3769,HH3769,16,M,,
3770,HH3770,10,M,,
3771,HH3771,10,M,,
3772,HH3772,1,F,,
3773,HH3773,37,M,,
3774,HH3774,0,F,,
3775,HH3775,14,M,,
3776,HH3776,1,M,,
3777,HH3777,12,M,,
3778,HH3778,63,F,,
3779,HH3779,52,F,,
3780,HH3780,62,F,,
3781,HH3781,42,F,,
3782,HH3782,38,F,,
3783,HH3783,48,F,,
3784,HH3784,47,F,,
3785,HH3785,25,F,,
3786,HH3786,78,M,,
3787,HH3787,48,F,,
3788,HH3788,56,M,,
3789,HH3789,71,F,,
3790,HH3790,66,F,,
3791,HH3791,77,M,,
3792,HH3792,75,M,,
3793,HH3793,59,F,,
3794,HH3794,1,F,,
3795,HH3795,53,F,,
3796,HH3796,59,M,,
3797,HH3797,53,M,,
3798,HH3798,38,F,,
3799,HH3799,82,F,,
3800,HH3800,75,M,,
3801,HH3801,65,M,,
3802,HH3802,63,M,,
3803,HH3803,54,F,,
3804,HH3804,42,M,,
3805,HH3805,47,F,,
3806,HH3806,61,F,,
3807,HH3807,74,F,,
3808,HH3808,55,F,,
3809,HH3809,43,M,,
3810,HH3810,73,F,,
3811,HH3811,51,F,,
3812,HH3812,57,M,,
3813,HH3813,79,F,,
3814,HH3814,2,M,,
3815,HH3815,74,M,,
3816,HH3816,22,M,,
3817,HH3817,24,M,,
3818,HH3818,61,F,,
3819,HH3819,78,M,,
3820,HH3820,5,M,,
3821,HH3821,65,F,,
3822,HH3822,11,M,,
3823,HH3823,53,F,,
3824,HH3824,66,M,,
3825,HH3825,52,M,,
3826,HH3826,44,M,,
3827,HH3827,76,F,,
3828,HH3828,61,F,,
3829,HH3829,14,F,,
3830,HH3830,43,F,,
3831,HH3831,70,M,,
3832,HH3832,51,M,,
3833,HH3833,55,F,,
3834,HH3834,23,F,,
3835,HH3835,8,M,,
3836,HH3836,22,M,,
3837,HH3837,44,M,,
3838,HH3838,81,F,,
3839,HH3839,62,M,,
3840,HH3840,64,M,,
3841,HH3841,37,M,,
3842,HH3842,61,M,,
3843,HH3843,76,M,,
3844,HH3844,58,F,,
3845,HH3845,84,M,,
3846,HH3846,64,M,,
3847,HH3847,76,M,,
3848,HH3848,67,M,,
3849,HH3849,39,M,,
3850,HH3850,39,M,,
3851,HH3851,27,M,,
3852,HH3852,65,F,,
3853,HH3853,63,M,,
3854,HH3854,13,M,,
3855,HH3855,75,M,,
3856,HH3856,62,F,,
3857,HH3857,58,F,,
3858,HH3858,37,F,,
3859,HH3859,80,M,,
3860,HH3860,59,M,,
3861,HH3861,72,M,,
3862,HH3862,42,F,,
3863,HH3863,62,F,,
3864,HH3864,81,M,,
3865,HH3865,53,F,,
3866,HH3866,70,F,,
3867,HH3867,52,M,,
3868,HH3868,53,M,,
3869,HH3869,65,M,,
3870,HH3870,53,F,,
3871,HH3871,73,M,,
3872,HH3872,67,F,,
3873,HH3873,48,M,,
3874,HH3874,72,F,,
3875,HH3875,74,F,,
3876,HH3876,62,F,,
3877,HH3877,79,F,,
3878,HH3878,61,M,,
3879,HH3879,60,M,,
3880,HH3880,59,M,,
3881,HH3881,60,F,,
3882,HH3882,73,M,,
3883,HH3883,70,M,,
3884,HH3884,71,M,,
3885,HH3885,71,M,,
3886,HH3886,48,M,,
3887,HH3887,17,M,,
3888,HH3888,40,F,,
3889,HH3889,46,M,,
3890,HH3890,41,M,,
3891,HH3891,47,M,,
3892,HH3892,43,M,,
3893,HH3893,33,F,,
3894,HH3894,59,F,,
3895,HH3895,75,M,,
3896,HH3896,14,M,,
3897,HH3897,73,F,,
3898,HH3898,11,M,,
3899,HH3899,54,F,,
3900,HH3900,38,F,,
3901,HH3901,73,M,,
3902,HH3902,15,M,,
3903,HH3903,37,F,,
3904,HH3904,58,F,,
3905,HH3905,31,F,,
3906,HH3906,39,M,,
3907,HH3907,71,M,,
3908,HH3908,56,F,,
3909,HH3909,90,F,,
3910,HH3910,24,M,,
3911,HH3911,80,M,,
3912,HH3912,63,F,,
3913,HH3913,71,M,,
3914,HH3914,54,F,,
3915,HH3915,76,M,,
3916,HH3916,72,M,,
3917,HH3917,37,M,,
3918,HH3918,62,M,,
3919,HH3919,49,F,,
3920,HH3920,70,M,,
3921,HH3921,11,F,,
3922,HH3922,5,F,,
3923,HH3923,77,M,,
3924,HH3924,9,F,,
3925,HH3925,57,M,,
3926,HH3926,13,M,,
3927,HH3927,65,F,,
3928,HH3928,24,M,,
3929,HH3929,76,M,,
3930,HH3930,53,F,,
3931,HH3931,30,F,,
3932,HH3932,52,F,,
3933,HH3933,38,M,,
3934,HH3934,33,F,,
3935,HH3935,67,M,,
3936,HH3936,35,F,,
3937,HH3937,34,M,,
3938,HH3938,4,F,,
3939,HH3939,51,M,,
3940,HH3940,49,F,,
3941,HH3941,33,M,,
3942,HH3942,71,F,,
3943,HH3943,46,M,,
3944,HH3944,24,F,,
3945,HH3945,26,F,,
3946,HH3946,27,M,,
3947,HH3947,35,M,,
3948,HH3948,39,M,,
3949,HH3949,54,M,,
3950,HH3950,52,F,,
3951,HH3951,44,F,,
3952,HH3952,26,F,,
3953,HH3953,57,F,,
3954,HH3954,83,M,,
3955,HH3955,57,F,,
3956,HH3956,60,F,,
3957,HH3957,72,M,,
3958,HH3958,48,M,,
3959,HH3959,49,M,,
3960,HH3960,27,M,,
3961,HH3961,59,F,,
3962,HH3962,34,F,,
3963,HH3963,7,F,,
3964,HH3964,54,F,,
3965,HH3965,61,M,,
3966,HH3966,73,M,,
3967,HH3967,51,M,,
3968,HH3968,76,M,,
3969,HH3969,24,F,,
3970,HH3970,29,F,,
3971,HH3971,6,F,,
3972,HH3972,49,F,,
3973,HH3973,11,M,,
3974,HH3974,47,F,,
3975,HH3975,56,F,,
3976,HH3976,75,M,,
3977,HH3977,40,F,,
3978,HH3978,69,M,,
3979,HH3979,43,F,,
3980,HH3980,55,F,,
3981,HH3981,44,F,,
3982,HH3982,40,F,,
3983,HH3983,23,F,,
3984,HH3984,52,F,,
3985,HH3985,34,F,,
3986,HH3986,61,F,,
3987,HH3987,73,M,,
3988,HH3988,76,M,,
3989,HH3989,70,F,,
3990,HH3990,8,M,,
3991,HH3991,57,M,,
3992,HH3992,15,M,,
3993,HH3993,11,M,,
3994,HH3994,5,F,,
3995,HH3995,38,F,,
3996,HH3996,9,M,,
3997,HH3997,12,M,,
3998,HH3998,12,M,,
3999,HH3999,17,F,,
4000,HH4000,6,M,,
4001,HH4001,68,F,,
4002,HH4002,46,M,,
4003,HH4003,60,F,,
4004,HH4004,41,F,,
4005,HH4005,16,M,,
4006,HH4006,49,M,,
4007,HH4007,75,M,,
4008,HH4008,45,M,,
4009,HH4009,56,F,,
4010,HH4010,15,F,,
4011,HH4011,72,F,,
4012,HH4012,12,M,,
4013,HH4013,34,M,,
4014,HH4014,12,M,,
4015,HH4015,2,F,,
4016,HH4016,0,F,,
4017,HH4017,7,M,,
4018,HH4018,47,M,,
4019,HH4019,51,M,,
4020,HH4020,16,F,,
4021,HH4021,16,F,,
4022,HH4022,33,F,,
4023,HH4023,53,M,,
4024,HH4024,62,M,,
4025,HH4025,15,M,,
4026,HH4026,44,F,,
4027,HH4027,4,M,,
4028,HH4028,76,M,,
4029,HH4029,6,M,,
4030,HH4030,14,M,,
4031,HH4031,77,F,,
4032,HH4032,16,M,,
4033,HH4033,9,F,,
4034,HH4034,36,M,,
4035,HH4035,31,F,,
4036,HH4036,74,F,,
4037,HH4037,47,F,,
4038,HH4038,10,M,,
4039,HH4039,16,M,,
4040,HH4040,80,M,,
4041,HH4041,9,F,,
4042,HH4042,37,F,,
4043,HH4043,42,M,,
4044,HH4044,66,M,,
4045,HH4045,77,M,,
4046,HH4046,17,F,,
4047,HH4047,2,M,,
4048,HH4048,71,M,,
4049,HH4049,75,M,,
4050,HH4050,60,M,,
4051,HH4051,65,M,,
4052,HH4052,44,M,,
4053,HH4053,77,M,,
4054,HH4054,76,F,,
4055,HH4055,60,F,,
4056,HH4056,45,M,,
4057,HH4057,72,F,,
4058,HH4058,54,F,,
4059,HH4059,79,M,,
4060,HH4060,58,F,,
4061,HH4061,66,M,,
4062,HH4062,60,F,,
4063,HH4063,36,F,,
4064,HH4064,71,F,,
4065,HH4065,74,M,,
4066,HH4066,48,F,,
4067,HH4067,71,F,,
4068,HH4068,41,F,,
4069,HH4069,67,M,,
4070,HH4070,31,M,,
4071,HH4071,71,M,,
4072,HH4072,8,M,,
4073,HH4073,73,M,,
4074,HH4074,69,F,,
4075,HH4075,57,M,,
4076,HH4076,80,M,,
4077,HH4077,61,F,,
4078,HH4078,59,M,,
4079,HH4079,64,F,,
4080,HH4080,62,F,,
4081,HH4081,60,F,,
4082,HH4082,63,F,,
4083,HH4083,31,M,,
4084,HH4084,77,M,,
4085,HH4085,73,F,,
4086,HH4086,79,M,,
4087,HH4087,74,M,,
4088,HH4088,31,F,,
4089,HH4089,28,F,,
4090,HH4090,68,F,,
4091,HH4091,51,M,,
4092,HH4092,53,M,,
4093,HH4093,71,M,,
4094,HH4094,52,F,,
4095,HH4095,42,M,,
4096,HH4096,73,M,,
4097,HH4097,60,M,,
4098,HH4098,72,M,,
4099,HH4099,73,F,,
4100,HH4100,80,F,,
4101,HH4101,71,M,,
4102,HH4102,55,M,,
4103,HH4103,78,M,,
4104,HH4104,31,M,,
4105,HH4105,39,F,,
4106,HH4106,23,F,,
4107,HH4107,23,F,,
4108,HH4108,64,F,,
4109,HH4109,35,F,,
4110,HH4110,3,F,,
4111,HH4111,59,F,,
4112,HH4112,23,M,,
4113,HH4113,62,M,,
4114,HH4114,41,F,,
4115,HH4115,60,F,,
4116,HH4116,38,F,,
4117,HH4117,71,M,,
4118,HH4118,79,M,,
4119,HH4119,59,M,,
4120,HH4120,64,F,,
4121,HH4121,58,F,,
4122,HH4122,59,F,,
4123,HH4123,78,M,,
4124,HH4124,75,F,,
4125,HH4125,64,F,,
4126,HH4126,53,M,,
4127,HH4127,13,F,,
4128,HH4128,62,F,,
4129,HH4129,39,F,,
4130,HH4130,14,M,,
4131,HH4131,67,F,,
4132,HH4132,27,F,,
4133,HH4133,40,M,,
4134,HH4134,39,M,,
4135,HH4135,74,F,,
4136,HH4136,61,F,,
4137,HH4137,67,M,,
4138,HH4138,72,M,,
4139,HH4139,68,M,,
4140,HH4140,23,F,,
4141,HH4141,62,M,,
4142,HH4142,27,M,,
4143,HH4143,47,M,,
4144,HH4144,73,M,,
4145,HH4145,50,M,,
4146,HH4146,69,F,,
4147,HH4147,49,F,,
4148,HH4148,79,M,,
4149,HH4149,33,M,,
4150,HH4150,67,M,,
4151,HH4151,39,M,,
4152,HH4152,49,M,,
4153,HH4153,43,M,,
4154,HH4154,54,F,,
4155,HH4155,44,M,,
4156,HH4156,24,F,,
4157,HH4157,60,F,,
4158,HH4158,42,F,,
4159,HH4159,32,M,,
4160,HH4160,30,F,,
4161,HH4161,75,M,,
4162,HH4162,58,F,,
4163,HH4163,65,F,,
4164,HH4164,82,M,,
4165,HH4165,64,M,,
4166,HH4166,37,M,,
4167,HH4167,62,F,,
4168,HH4168,31,F,,
4169,HH4169,32,F,,
4170,HH4170,42,M,,
4171,HH4171,41,F,,
4172,HH4172,34,F,,
4173,HH4173,70,M,,
4174,HH4174,81,F,,
4175,HH4175,57,F,,
4176,HH4176,53,F,,
4177,HH4177,74,M,,
4178,HH4178,23,F,,
4179,HH4179,51,F,,
4180,HH4180,76,M,,
4181,HH4181,73,M,,
4182,HH4182,59,F,,
4183,HH4183,53,F,,
4184,HH4184,66,F,,
4185,HH4185,83,M,,
4186,HH4186,56,F,,
4187,HH4187,53,M,,
4188,HH4188,73,F,,
4189,HH4189,73,M,,
4190,HH4190,42,M,,
4191,HH4191,47,F,,
4192,HH4192,52,M,,
4193,HH4193,16,F,,
4194,HH4194,55,M,,
4195,HH4195,50,M,,
4196,HH4196,18,F,,
4197,HH4197,54,M,,
4198,HH4198,38,F,,
4199,HH4199,76,F,,
4200,HH4200,38,F,,
4201,HH4201,67,F,,
4202,HH4202,39,M,,
4203,HH4203,29,F,,
4204,HH4204,58,F,,
4205,HH4205,47,F,,
4206,HH4206,35,F,,
4207,HH4207,26,F,,
4208,HH4208,76,M,,
4209,HH4209,79,F,,
4210,HH4210,76,M,,
4211,HH4211,30,M,,
4212,HH4212,39,F,,
4213,HH4213,55,F,,
4214,HH4214,51,M,,
4215,HH4215,56,M,,
4216,HH4216,78,M,,
4217,HH4217,49,F,,
4218,HH4218,23,F,,
4219,HH4219,44,F,,
4220,HH4220,54,M,,
4221,HH4221,35,F,,
4222,HH4222,60,F,,
4223,HH4223,77,M,,
4224,HH4224,54,M,,
4225,HH4225,28,M,,
4226,HH4226,56,F,,
4227,HH4227,57,M,,
4228,HH4228,63,F,,
4229,HH4229,61,F,,
4230,HH4230,57,F,,
4231,HH4231,25,F,,
4232,HH4232,63,M,,
4233,HH4233,61,M,,
4234,HH4234,26,F,,
4235,HH4235,58,M,,
4236,HH4236,50,M,,
4237,HH4237,72,M,,
4238,HH4238,41,F,,
4239,HH4239,60,M,,
4240,HH4240,41,F,,
4241,HH4241,33,M,,
4242,HH4242,72,M,,
4243,HH4243,42,F,,
4244,HH4244,63,M,,
4245,HH4245,61,M,,
4246,HH4246,60,F,,
4247,HH4247,44,M,,
4248,HH4248,49,F,,
4249,HH4249,45,M,,
4250,HH4250,60,F,,
4251,HH4251,1,M,,
4252,HH4252,40,M,,
4253,HH4253,59,M,,
4254,HH4254,62,F,,
4255,HH4255,58,F,,
4256,HH4256,44,F,,
4257,HH4257,67,M,,
4258,HH4258,53,F,,
4259,HH4259,63,F,,
4260,HH4260,38,F,,
4261,HH4261,67,F,,
4262,HH4262,66,M,,
4263,HH4263,68,M,,
4264,HH4264,70,M,,
4265,HH4265,34,M,,
4266,HH4266,31,M,,
4267,HH4267,64,F,,
4268,HH4268,65,F,,
4269,HH4269,55,F,,
4270,HH4270,65,F,,
4271,HH4271,36,M,,
4272,HH4272,68,M,,
4273,HH4273,61,F,,
4274,HH4274,57,F,,
4275,HH4275,53,M,,
4276,HH4276,66,M,,
4277,HH4277,53,F,,
4278,HH4278,55,F,,
4279,HH4279,11,F,,
4280,HH4280,76,F,,
4281,HH4281,53,M,,
4282,HH4282,52,F,,
4283,HH4283,58,F,,
4284,HH4284,47,M,,
4285,HH4285,33,F,,
4286,HH4286,5,F,,
4287,HH4287,26,F,,
4288,HH4288,47,M,,
4289,HH4289,7,M,,
4290,HH4290,46,F,,
4291,HH4291,6,M,,
4292,HH4292,79,M,,
4293,HH4293,75,M,,
4294,HH4294,54,F,,
4295,HH4295,33,M,,
4296,HH4296,41,F,,
4297,HH4297,29,F,,
4298,HH4298,47,F,,
4299,HH4299,26,M,,
4300,HH4300,39,M,,
4301,HH4301,36,F,,
4302,HH4302,40,F,,
4303,HH4303,45,M,,
4304,HH4304,53,M,,
4305,HH4305,26,M,,
4306,HH4306,58,F,,
4307,HH4307,50,M,,
4308,HH4308,50,F,,
4309,HH4309,57,F,,
4310,HH4310,31,M,,
4311,HH4311,27,F,,
4312,HH4312,41,M,,
4313,HH4313,61,M,,
4314,HH4314,56,M,,
4315,HH4315,40,F,,
4316,HH4316,23,M,,
4317,HH4317,61,M,,
4318,HH4318,61,M,,
4319,HH4319,33,M,,
4320,HH4320,53,F,,
4321,HH4321,73,F,,
4322,HH4322,70,F,,
4323,HH4323,55,F,,
4324,HH4324,5,M,,
4325,HH4325,44,F,,
4326,HH4326,9,F,,
4327,HH4327,38,M,,
4328,HH4328,47,M,,
4329,HH4329,44,M,,
4330,HH4330,7,M,,
4331,HH4331,58,F,,
4332,HH4332,74,M,,
4333,HH4333,36,F,,
4334,HH4334,59,F,,
4335,HH4335,52,F,,
4336,HH4336,46,M,,
4337,HH4337,59,F,,
4338,HH4338,44,F,,
4339,HH4339,33,M,,
4340,HH4340,72,F,,
4341,HH4341,61,F,,
4342,HH4342,61,F,,
4343,HH4343,39,F,,
4344,HH4344,48,F,,
4345,HH4345,71,F,,
4346,HH4346,64,M,,
4347,HH4347,74,M,,
4348,HH4348,56,F,,
4349,HH4349,68,M,,
4350,HH4350,77,M,,
4351,HH4351,22,M,,
4352,HH4352,56,M,,
4353,HH4353,57,F,,
4354,HH4354,19,M,,
4355,HH4355,63,M,,
4356,HH4356,56,M,,
4357,HH4357,78,M,,
4358,HH4358,37,F,,
4359,HH4359,46,M,,
4360,HH4360,59,M,,
4361,HH4361,56,F,,
4362,HH4362,56,M,,
4363,HH4363,58,M,,
4364,HH4364,32,M,,
4365,HH4365,69,F,,
4366,HH4366,63,M,,
4367,HH4367,65,F,,
4368,HH4368,40,M,,
4369,HH4369,71,F,,
4370,HH4370,51,F,,
4371,HH4371,60,F,,
4372,HH4372,29,F,,
4373,HH4373,78,F,,
4374,HH4374,76,M,,
4375,HH4375,46,F,,
4376,HH4376,64,F,,
4377,HH4377,77,M,,
4378,HH4378,74,F,,
4379,HH4379,73,F,,
4380,HH4380,84,M,,
4381,HH4381,65,M,,
4382,HH4382,77,F,,
4383,HH4383,35,M,,
4384,HH4384,82,F,,
4385,HH4385,52,M,,
4386,HH4386,65,F,,
4387,HH4387,29,F,,
4388,HH4388,52,M,,
4389,HH4389,41,F,,
4390,HH4390,78,M,,
4391,HH4391,39,F,,
4392,HH4392,45,M,,
4393,HH4393,33,F,,
4394,HH4394,45,M,,
4395,HH4395,38,F,,
4396,HH4396,72,M,,
4397,HH4397,56,M,,
4398,HH4398,64,F,,
4399,HH4399,68,F,,
4400,HH4400,72,F,,
4401,HH4401,51,M,,
4402,HH4402,61,F,,
4403,HH4403,41,M,,
4404,HH4404,63,F,,
4405,HH4405,72,F,,
4406,HH4406,77,M,,
4407,HH4407,71,M,,
4408,HH4408,61,M,,
4409,HH4409,44,F,,
4410,HH4410,40,F,,
4411,HH4411,53,M,,
4412,HH4412,45,F,,
4413,HH4413,49,M,,
4414,HH4414,40,F,,
4415,HH4415,66,F,,
4416,HH4416,74,M,,
4417,HH4417,34,F,,
4418,HH4418,35,F,,
4419,HH4419,74,M,,
4420,HH4420,31,F,,
4421,HH4421,35,F,,
4422,HH4422,66,M,,
4423,HH4423,22,F,,
4424,HH4424,60,F,,
4425,HH4425,43,F,,
4426,HH4426,72,F,,
4427,HH4427,48,M,,
4428,HH4428,45,F,,
4429,HH4429,71,F,,
4430,HH4430,49,M,,
4431,HH4431,71,M,,
4432,HH4432,69,M,,
4433,HH4433,60,M,,
4434,HH4434,66,M,,
4435,HH4435,65,M,,
4436,HH4436,75,M,,
4437,HH4437,29,F,,
4438,HH4438,48,F,,
4439,HH4439,76,M,,
4440,HH4440,42,F,,
4441,HH4441,36,M,,
4442,HH4442,85,M,,
4443,HH4443,56,M,,
4444,HH4444,61,M,,
4445,HH4445,75,M,,
4446,HH4446,74,M,,
4447,HH4447,70,F,,
4448,HH4448,57,F,,
4449,HH4449,32,F,,
4450,HH4450,59,M,,
4451,HH4451,67,F,,
4452,HH4452,41,F,,
4453,HH4453,80,M,,
4454,HH4454,60,F,,
4455,HH4455,57,F,,
4456,HH4456,63,M,,
4457,HH4457,74,M,,
4458,HH4458,37,F,,
4459,HH4459,58,M,,
4460,HH4460,57,M,,
4461,HH4461,51,F,,
4462,HH4462,57,F,,
4463,HH4463,49,F,,
4464,HH4464,56,F,,
4465,HH4465,56,F,,
4466,HH4466,37,F,,
4467,HH4467,60,M,,
4468,HH4468,44,F,,
4469,HH4469,38,F,,
4470,HH4470,71,M,,
4471,HH4471,55,M,,
4472,HH4472,63,M,,
4473,HH4473,63,F,,
4474,HH4474,41,F,,
4475,HH4475,48,M,,
4476,HH4476,64,F,,
4477,HH4477,77,M,,
4478,HH4478,27,F,,
4479,HH4479,55,M,,
4480,HH4480,71,M,,
4481,HH4481,76,M,,
4482,HH4482,54,F,,
4483,HH4483,75,M,,
4484,HH4484,68,M,,
4485,HH4485,60,M,,
4486,HH4486,60,M,,
4487,HH4487,55,F,,
4488,HH4488,68,F,,
4489,HH4489,41,F,,
4490,HH4490,68,M,,
4491,HH4491,46,M,,
4492,HH4492,63,M,,
4493,HH4493,3,F,,
4494,HH4494,51,F,,
4495,HH4495,56,F,,
4496,HH4496,72,M,,
4497,HH4497,52,F,,
4498,HH4498,39,M,,
4499,HH4499,51,M,,
4500,HH4500,63,F,,
4501,HH4501,51,F,,
4502,HH4502,25,F,,
4503,HH4503,74,M,,
4504,HH4504,61,M,,
4505,HH4505,59,F,,
4506,HH4506,53,F,,
4507,HH4507,48,F,,
4508,HH4508,60,F,,
4509,HH4509,34,F,,
4510,HH4510,50,F,,
4511,HH4511,58,F,,
4512,HH4512,45,M,,
4513,HH4513,38,M,,
4514,HH4514,73,M,,
4515,HH4515,60,M,,
4516,HH4516,46,F,,
4517,HH4517,18,F,,
4518,HH4518,64,F,,
4519,HH4519,56,F,,
4520,HH4520,63,M,,
4521,HH4521,81,M,,
4522,HH4522,56,F,,
4523,HH4523,42,F,,
4524,HH4524,46,M,,
4525,HH4525,29,F,,
4526,HH4526,80,M,,
4527,HH4527,65,F,,
4528,HH4528,41,M,,
4529,HH4529,48,F,,
4530,HH4530,71,M,,
4531,HH4531,49,M,,
4532,HH4532,54,F,,
4533,HH4533,64,F,,
4534,HH4534,1,M,,
4535,HH4535,5,F,,
4536,HH4536,63,M,,
4537,HH4537,57,M,,
4538,HH4538,4,M,,
4539,HH4539,69,F,,
4540,HH4540,40,F,,
4541,HH4541,37,F,,
4542,HH4542,71,M,,
4543,HH4543,75,M,,
4544,HH4544,42,F,,
4545,HH4545,68,M,,
4546,HH4546,50,M,,
4547,HH4547,28,F,,
4548,HH4548,30,F,,
4549,HH4549,65,M,,
4550,HH4550,31,F,,
4551,HH4551,61,F,,
4552,HH4552,47,F,,
4553,HH4553,69,M,,
4554,HH4554,31,F,,
4555,HH4555,8,F,,
4556,HH4556,73,M,,
4557,HH4557,72,F,,
4558,HH4558,48,F,,
4559,HH4559,66,M,,
4560,HH4560,72,F,,
4561,HH4561,76,F,,
4562,HH4562,62,M,,
4563,HH4563,68,F,,
4564,HH4564,80,M,,
4565,HH4565,30,M,,
4566,HH4566,72,F,,
4567,HH4567,53,M,,
4568,HH4568,48,F,,
4569,HH4569,32,M,,
4570,HH4570,8,M,,
4571,HH4571,13,F,,
4572,HH4572,42,F,,
4573,HH4573,49,F,,
4574,HH4574,43,M,,
4575,HH4575,27,M,,
4576,HH4576,8,F,,
4577,HH4577,33,F,,
4578,HH4578,47,F,,
4579,HH4579,64,M,,
4580,HH4580,33,F,,
4581,HH4581,71,M,,
4582,HH4582,63,M,,
4583,HH4583,59,F,,
4584,HH4584,57,F,,
4585,HH4585,34,M,,
4586,HH4586,75,F,,
4587,HH4587,61,F,,
4588,HH4588,63,F,,
4589,HH4589,80,M,,
4590,HH4590,27,F,,
4591,HH4591,68,M,,
4592,HH4592,15,M,,
4593,HH4593,56,F,,
4594,HH4594,24,M,,
4595,HH4595,52,M,,
4596,HH4596,26,F,,
4597,HH4597,9,F,,
4598,HH4598,7,F,,
4599,HH4599,60,F,,
4600,HH4600,59,M,,
4601,HH4601,72,M,,
4602,HH4602,80,F,,
4603,HH4603,48,M,,
4604,HH4604,36,M,,
4605,HH4605,50,F,,
4606,HH4606,78,F,,
4607,HH4607,27,F,,
4608,HH4608,58,F,,
4609,HH4609,44,F,,
4610,HH4610,43,M,,
4611,HH4611,34,M,,
4612,HH4612,45,F,,
4613,HH4613,63,M,,
4614,HH4614,51,M,,
4615,HH4615,52,M,,
4616,HH4616,31,M,,
4617,HH4617,76,M,,
4618,HH4618,12,M,,
4619,HH4619,49,F,,
4620,HH4620,70,F,,
4621,HH4621,76,F,,
4622,HH4622,40,M,,
4623,HH4623,73,F,,
4624,HH4624,70,M,,
4625,HH4625,29,M,,
4626,HH4626,38,M,,
4627,HH4627,48,F,,
4628,HH4628,42,M,,
4629,HH4629,5,M,,
4630,HH4630,39,M,,
4631,HH4631,47,M,,
4632,HH4632,75,F,,
4633,HH4633,60,F,,
4634,HH4634,59,M,,
4635,HH4635,56,F,,
4636,HH4636,32,F,,
4637,HH4637,39,F,,
4638,HH4638,55,M,,
4639,HH4639,28,F,,
4640,HH4640,39,F,,
4641,HH4641,34,M,,
4642,HH4642,44,M,,
4643,HH4643,46,F,,
4644,HH4644,72,M,,
4645,HH4645,29,M,,
4646,HH4646,73,M,,
4647,HH4647,75,M,,
4648,HH4648,71,F,,
4649,HH4649,71,F,,
4650,HH4650,22,F,,
4651,HH4651,80,F,,
4652,HH4652,34,F,,
4653,HH4653,14,F,,
4654,HH4654,13,F,,
4655,HH4655,23,F,,
4656,HH4656,0,F,,
4657,HH4657,2,M,,
4658,HH4658,11,F,,
4659,HH4659,34,F,,
4660,HH4660,30,F,,
4661,HH4661,38,M,,
4662,HH4662,34,F,,
4663,HH4663,34,F,,
4664,HH4664,66,F,,
4665,HH4665,41,M,,
4666,HH4666,32,F,,
4667,HH4667,68,M,,
4668,HH4668,71,M,,
4669,HH4669,45,F,,
4670,HH4670,48,M,,
4671,HH4671,29,F,,
4672,HH4672,59,F,,
4673,HH4673,73,M,,
4674,HH4674,33,M,,
4675,HH4675,48,F,,
4676,HH4676,84,F,,
4677,HH4677,72,M,,
4678,HH4678,44,F,,
4679,HH4679,53,M,,
4680,HH4680,63,F,,
4681,HH4681,56,M,,
4682,HH4682,25,M,,
4683,HH4683,49,M,,
4684,HH4684,71,M,,
4685,HH4685,43,F,,
4686,HH4686,51,M,,
4687,HH4687,18,F,,
4688,HH4688,70,F,,
4689,HH4689,30,F,,
4690,HH4690,75,F,,
4691,HH4691,30,F,,
4692,HH4692,71,M,,
4693,HH4693,55,M,,
4694,HH4694,64,M,,
4695,HH4695,71,F,,
4696,HH4696,72,M,,
4697,HH4697,58,M,,
4698,HH4698,24,F,,
4699,HH4699,49,M,,
4700,HH4700,71,F,,
4701,HH4701,15,M,,
4702,HH4702,65,M,,
4703,HH4703,48,M,,
4704,HH4704,63,M,,
4705,HH4705,74,M,,
4706,HH4706,55,M,,
4707,HH4707,15,F,,
4708,HH4708,63,F,,
4709,HH4709,56,M,,
4710,HH4710,73,M,,
4711,HH4711,59,M,,
4712,HH4712,54,M,,
4713,HH4713,42,M,,
4714,HH4714,52,M,,
4715,HH4715,74,M,,
4716,HH4716,67,F,,
4717,HH4717,74,M,,
4718,HH4718,59,M,,
4719,HH4719,79,M,,
4720,HH4720,49,F,,
4721,HH4721,67,F,,
4722,HH4722,40,M,,
4723,HH4723,67,F,,
4724,HH4724,59,M,,
4725,HH4725,78,M,,
4726,HH4726,42,M,,
4727,HH4727,79,M,,
4728,HH4728,46,M,,
4729,HH4729,58,M,,
4730,HH4730,58,M,,
4731,HH4731,51,M,,
4732,HH4732,75,M,,
4733,HH4733,77,M,,
4734,HH4734,70,M,,
4735,HH4735,71,M,,
4736,HH4736,73,M,,
4737,HH4737,84,M,,
4738,HH4738,73,F,,
4739,HH4739,43,F,,
4740,HH4740,72,M,,
4741,HH4741,77,M,,
4742,HH4742,70,M,,
4743,HH4743,70,M,,
4744,HH4744,63,M,,
4745,HH4745,58,F,,
4746,HH4746,54,F,,
4747,HH4747,46,M,,
4748,HH4748,70,M,,
4749,HH4749,70,M,,
4750,HH4750,72,M,,
4751,HH4751,77,F,,
4752,HH4752,27,F,,
4753,HH4753,77,M,,
4754,HH4754,77,M,,
4755,HH4755,39,M,,
4756,HH4756,79,M,,
4757,HH4757,43,M,,
4758,HH4758,30,M,,
4759,HH4759,58,F,,
4760,HH4760,58,M,,
4761,HH4761,51,M,,
4762,HH4762,77,M,,
4763,HH4763,61,F,,
4764,HH4764,58,F,,
4765,HH4765,70,M,,
4766,HH4766,40,F,,
4767,HH4767,70,F,,
4768,HH4768,81,F,,
4769,HH4769,57,F,,
4770,HH4770,50,F,,
4771,HH4771,45,F,,
4772,HH4772,59,M,,
4773,HH4773,15,M,,
4774,HH4774,51,F,,
4775,HH4775,48,M,,
4776,HH4776,63,M,,
4777,HH4777,56,M,,
4778,HH4778,51,M,,
4779,HH4779,39,M,,
4780,HH4780,32,M,,
4781,HH4781,75,M,,
4782,HH4782,56,M,,
4783,HH4783,32,M,,
4784,HH4784,44,F,,
4785,HH4785,78,M,,
4786,HH4786,59,F,,
4787,HH4787,51,F,,
4788,HH4788,75,F,,
4789,HH4789,57,M,,
4790,HH4790,49,F,,
4791,HH4791,63,F,,
4792,HH4792,72,M,,
4793,HH4793,59,F,,
4794,HH4794,74,M,,
4795,HH4795,63,F,,
4796,HH4796,3,F,,
4797,HH4797,27,F,,
4798,HH4798,65,M,,
4799,HH4799,33,M,,
4800,HH4800,17,M,,
4801,HH4801,52,F,,
4802,HH4802,75,M,,
4803,HH4803,72,M,,
4804,HH4804,79,M,,
4805,HH4805,70,M,,
4806,HH4806,72,M,,
4807,HH4807,29,F,,
4808,HH4808,53,F,,
4809,HH4809,52,F,,
4810,HH4810,45,F,,
4811,HH4811,58,F,,
4812,HH4812,55,M,,
4813,HH4813,76,F,,
4814,HH4814,43,M,,
4815,HH4815,38,F,,
4816,HH4816,61,M,,
4817,HH4817,25,F,,
4818,HH4818,50,F,,
4819,HH4819,48,F,,
4820,HH4820,37,F,,
4821,HH4821,56,F,,
4822,HH4822,56,F,,
4823,HH4823,54,M,,
4824,HH4824,64,M,,
4825,HH4825,73,F,,
4826,HH4826,40,M,,
4827,HH4827,73,F,,
4828,HH4828,55,F,,
4829,HH4829,75,M,,
4830,HH4830,59,F,,
4831,HH4831,41,F,,
4832,HH4832,34,F,,
4833,HH4833,28,F,,
4834,HH4834,57,M,,
4835,HH4835,56,M,,
4836,HH4836,83,M,,
4837,HH4837,40,M,,
4838,HH4838,67,F,,
4839,HH4839,76,M,,
4840,HH4840,75,F,,
4841,HH4841,37,F,,
4842,HH4842,55,M,,
4843,HH4843,43,M,,
4844,HH4844,71,F,,
4845,HH4845,8,M,,
4846,HH4846,72,F,,
4847,HH4847,68,F,,
4848,HH4848,34,F,,
4849,HH4849,7,F,,
4850,HH4850,34,M,,
4851,HH4851,25,M,,
4852,HH4852,40,F,,
4853,HH4853,31,F,,
4854,HH4854,65,M,,
4855,HH4855,28,F,,
4856,HH4856,58,F,,
4857,HH4857,50,F,,
4858,HH4858,38,F,,
4859,HH4859,54,M,,
4860,HH4860,75,F,,
4861,HH4861,63,F,,
4862,HH4862,54,M,,
4863,HH4863,67,F,,
4864,HH4864,55,F,,
4865,HH4865,57,F,,
4866,HH4866,33,F,,
4867,HH4867,34,F,,
4868,HH4868,47,M,,
4869,HH4869,80,M,,
4870,HH4870,42,F,,
4871,HH4871,39,M,,
4872,HH4872,71,M,,
4873,HH4873,29,M,,
4874,HH4874,34,M,,
4875,HH4875,41,F,,
4876,HH4876,42,F,,
4877,HH4877,56,M,,
4878,HH4878,43,M,,
4879,HH4879,46,F,,
4880,HH4880,33,F,,
4881,HH4881,48,M,,
4882,HH4882,41,M,,
4883,HH4883,52,M,,
4884,HH4884,58,M,,
4885,HH4885,55,F,,
4886,HH4886,46,F,,
4887,HH4887,52,M,,
4888,HH4888,31,F,,
4889,HH4889,32,M,,
4890,HH4890,41,M,,
4891,HH4891,37,M,,
4892,HH4892,41,M,,
4893,HH4893,37,F,,
4894,HH4894,51,F,,
4895,HH4895,38,F,,
4896,HH4896,31,F,,
4897,HH4897,38,F,,
4898,HH4898,36,M,,
4899,HH4899,26,F,,
4900,HH4900,35,F,,
4901,HH4901,36,F,,
4902,HH4902,35,F,,
4903,HH4903,37,F,,
4904,HH4904,39,F,,
4905,HH4905,38,M,,
4906,HH4906,76,M,,
4907,HH4907,34,F,,
4908,HH4908,74,F,,
4909,HH4909,70,M,,
4910,HH4910,70,F,,
4911,HH4911,72,F,,
4912,HH4912,70,M,,
4913,HH4913,38,M,,
4914,HH4914,36,F,,
4915,HH4915,38,M,,
4916,HH4916,27,F,,
4917,HH4917,39,M,,
4918,HH4918,31,F,,
4919,HH4919,37,M,,
4920,HH4920,33,F,,
4921,HH4921,28,M,,
4922,HH4922,32,F,,
4923,HH4923,28,F,,
4924,HH4924,26,M,,
4925,HH4925,58,F,,
4926,HH4926,38,F,,
4927,HH4927,22,F,,
4928,HH4928,32,M,,
4929,HH4929,74,M,,
4930,HH4930,34,M,,
4931,HH4931,20,M,,
4932,HH4932,28,F,,
4933,HH4933,37,M,,
4934,HH4934,28,F,,
4935,HH4935,25,F,,
4936,HH4936,29,M,,
4937,HH4937,39,F,,
4938,HH4938,30,F,,
4939,HH4939,34,M,,
4940,HH4940,37,F,,
4941,HH4941,29,F,,
4942,HH4942,23,F,,
4943,HH4943,30,F,,
4944,HH4944,33,F,,
4945,HH4945,19,M,,
4946,HH4946,36,F,,
4947,HH4947,21,M,,
4948,HH4948,36,F,,
4949,HH4949,26,M,,
4950,HH4950,38,M,,
4951,HH4951,37,M,,
4952,HH4952,32,M,,
4953,HH4953,31,M,,
4954,HH4954,33,M,,
4955,HH4955,33,M,,
4956,HH4956,27,F,,
4957,HH4957,37,M,,
4958,HH4958,30,F,,
4959,HH4959,25,F,,
4960,HH4960,38,M,,
4961,HH4961,32,F,,
4962,HH4962,31,F,,
4963,HH4963,55,M,,
4964,HH4964,25,F,,
4965,HH4965,39,F,,
4966,HH4966,26,F,,
4967,HH4967,35,M,,
4968,HH4968,25,F,,
4969,HH4969,37,M,,
4970,HH4970,35,F,,
4971,HH4971,27,F,,
4972,HH4972,24,M,,
4973,HH4973,38,F,,
4974,HH4974,31,F,,
4975,HH4975,27,F,,
4976,HH4976,26,M,,
4977,HH4977,32,M,,
4978,HH4978,74,M,,
4979,HH4979,28,F,,
